obs,ANO,CMERLIBTEN,LLESPAOMT,LLEWOROMT,CUOTOMT,VISITSPALIBTEN,VISITWORLIBTEN,time,timesq,crisis,CMERLIBTEN_1,crisis79,crisis2008,crisis93,eventos92,mund82,CUOTOMT_1,crisis2001,ue,euro,precios,hotelsinenlace,dummyseriehotel,cemento,intereslp,ESTABTURQUIA,CAMASTURQUIA,PIBSPA05,PIBTUR05,PIBUK05,dev76,dev77,dev82,dev92,dev93,ENLVWOTENOMT,preciosturkey,tcnespdollar,tcnespa,tcneturkey,FDIoutespun,FDIinfespun,FDIinfturpun,FDIouturpun,tcnliturdollar,IDEsPIBESP,IDEsPIBTurkey,CAMASESPANA,PESPAOMT,interescp,cuotur,pa,Balcanes,pgg,sgg,oncem,transicion,paroesp,crisis_1,crisis79_3,crisis93_3,crisis2001_2,crisis2008_3,crisis79_1,crisis79_2,crisis93_1,crisis2001_1,crisis2008_1,crisis93_2,crisis2008_2,cambio89,IngresosturESP,IDEsPIBESP_1,IDEsPIBESP_2,IDEsPIBESP_3,turTUROMT,LLEGTURQUIAM,CUOTTUROMT,tceresp,tcertur,TCERCLUES,TCERCLUTUR,hotelenlace,PIBpcESP,PIBpcTUR,pc_CMERLIBTEN,pc_cuotur,l_CMERLIBTEN,ld_CMERLIBTEN,ld_precios,ld_cemento,ld_hotelsinenla,ld_ESTABTURQUIA,ld_CAMASTURQUIA,ld_PIBSPA05,ld_PIBTUR05,ld_PIBUK05,ld_tcnespa,ld_tcneturkey,ld_FDIoutespu,ld_FDIinfespu,ld_FDIinfturp,ld_FDIouturpu,ld_CAMASESPANA,ld_cuotur,ld_tceresp,ld_tcertur,ld_TCERCLUES,ld_TCERCLUTUR,ld_hotelenlace,ld_PIBpcESP,ld_PIBpcTUR,ld_FDIoutes_1,ld_FDIinfes_1,ld_FDIoutes_2,ld_TCERCLUE_1,ld_tcnespa_1,ld_precios_1,ld_FDIouturpu_1,ld_FDIinfturp_1,ld_FDIinfespu_2,ld_PIBUK05_1,ld_hotelenlace_,ld_hotelenlace_,ld_CMERLIBTEN_1,ld_FDIinfespu_3,ld_PIBpcESP_2,ld_FDIoutespu_3,ld_PIBpcESP_3,ld_PIBpcESP_1,ld_hotelenlace_,ld_CAMASESPANA_,ld_CAMASESPANA_,ld_CAMASESPANA_,ld_cemento_2,ld_cemento_3,IngresosTUR,ld_IngresosTUR,ld_IngresosturE,PIBGER05,IngresosESPdola,ld_IngresosESPd,ld_PIBGER05,l_cuotur,ITRESPpc,ITRTURpc,ld_ITRESPpc,ld_ITRTURpc,ld_PIBSPA05_1,ld_PIBGER05_1,ld_tceresp_1,earthq,earthq_1,l_PIBSPA05,l_PIBTUR05,l_PIBUK05,l_ITRESPpc,l_ITRTURpc,l_IngresosturESP,l_turTUROMT,l_LLEGTURQUIAM,l_CUOTTUROMT,l_tceresp,l_tcertur,l_TCERCLUES,l_TCERCLUTUR,l_ENLVWOTENOMT,l_preciosturkey,l_tcnespdollar,l_tcnespa,l_tcneturkey,l_FDIoutespun,l_FDIinfespun,l_FDIinfturpun,l_FDIouturpun,l_tcnliturdollar,l_IDEsPIBESP,l_IDEsPIBTurkey,l_LLESPAOMT,l_LLEWOROMT,l_CUOTOMT,l_VISITSPALIBTEN,l_VISITWORLIBTEN,l_precios,l_hotelsinenlace,l_cemento,l_intereslp,l_ESTABTURQUIA,l_CAMASTURQUIA,l_PIBpcESP,l_PIBpcTUR,l_CAMASESPANA,l_PIBGER05
1970,1970,12.8,NA,NA,NA,21267,165787,1,1,0,NA,0,0,0,0,0,NA,0,0,0,5.779055,8244,0,16702300,NA,292,28354,402976,176229.7754,824288,0,0,0,0,0,163496.951840535,0.00014661,0.4208711,175.3,10125515.1,43,222,58,0,1.133e-005,0.557,0.237,545798,NA,NA,0.443301230904237,0,0,0,0,0,0,NA,NA,NA,NA,NA,NA,NA,NA,NA,NA,NA,NA,NA,0,703.17,NA,NA,NA,NA,724.784,NA,71.5,123.1,61.6,166.7,17559.72,11845,4986,-0.719490586932446,0.384503763823368,2.54944517092557,NA,NA,NA,NA,NA,NA,NA,NA,NA,NA,NA,NA,NA,NA,NA,NA,NA,NA,NA,NA,NA,NA,NA,NA,NA,NA,NA,NA,NA,NA,NA,NA,NA,NA,NA,NA,NA,NA,NA,NA,NA,NA,NA,NA,NA,NA,NA,NA,51,NA,NA,1227781,1670.74907257828,NA,NA,-0.813505760550488,0.0785606372585827,0.070365791739332,NA,NA,NA,NA,NA,0,NA,12.9066322858056,12.0795439645867,13.6222752623887,-2.54388450322516,-2.6540480467056,6.55559868334487,NA,6.58587367942992,NA,4.26969744969996,4.81299703319041,4.12066187053947,5.11619578975675,12.0045496259685,-8.8277345580141,-0.865428667953098,5.16649879192719,16.1305690437369,3.76120011569356,5.40267738187228,4.06044301054642,NA,-11.3880564829244,-0.585190039054853,-1.43969513784701,NA,NA,NA,9.96491185452313,12.0184591108891,1.75424017450786,9.01724094201035,16.6310569924547,NA,5.67675380226828,10.2525233926776,9.37966111659289,8.5143892640835,13.2100042229037,14.0207190330228
1971,1971,13.3,NA,NA,NA,23738.1,178853,2,4,0,12.8,0,0,0,0,0,NA,0,0,0,6.255069,8631,0,16616400,NA,337,32114,421713,186042.0656,841445,0,0,0,0,0,176382.468634665,0.00017448,0.41790961,173.1,7197480.8,25,202,45,0,1.487e-005,0.446,0.195,612338,NA,NA,0.525006258937237,0,0,0,0,0,0,NA,0,NA,NA,NA,NA,0,NA,0,0,0,NA,NA,0,832.46,0.557,NA,NA,NA,926.019,NA,72.2,98.7,61.9,113.4,18384.03,12282,5137,-0.132419036814952,0.404179668611364,2.58776403522771,0.0383188643021367,0.0791520005252274,-0.00515627502392047,0.045874710209308,0.14332912808408,0.124523958432053,0.0454479810564782,0.054184121678259,0.0206006686111206,-0.012629329745025,-0.341327409864914,-0.542324290825362,-0.0944096844710744,-0.2537805207761,NA,0.115035473717759,0.169160665874124,0.00974259619881894,-0.220912086750972,0.00485830915107618,-0.385274398463096,0.0458747102093081,0.036228938296458,0.029835266383765,NA,NA,NA,NA,NA,NA,NA,NA,NA,NA,NA,NA,NA,NA,NA,NA,NA,NA,NA,NA,NA,NA,NA,NA,62,0.195308752320766,0.168786489307334,1266244,1991.96185031495,0.175847935214865,0.0308465631102539,-0.644345094676364,0.0839141233003042,0.0669532698573139,0.065923158475599,-0.049712321043522,NA,NA,NA,0,0,12.9520802668621,12.133728086265,13.6428759309999,-2.47796134474956,-2.70376036774912,6.72438517265221,NA,6.83089475279421,NA,4.27944004589878,4.59208494643944,4.12552017969055,4.73092139129365,12.0804100334587,-8.6537004360709,-0.872490113860629,5.15386946218216,15.789241633872,3.2188758248682,5.30826769740121,3.80666248977032,NA,-11.1161647974922,-0.807436326962073,-1.63475572041839,NA,NA,NA,10.0748366312624,12.0943195183793,1.83339217503309,9.06311565221966,16.6259007174308,NA,5.82008293035236,10.3770473511096,9.41589005488934,8.54422453046727,13.3250396966215,14.051565596133
1972,1972,15.6,NA,NA,NA,29441.1,189129,3,9,0,13.3,0,0,0,0,0,NA,0,0,0,6.772507,9044,0,18894800,NA,363,34628,456085,199857.5614,871894,0,0,0,0,0,186516.524242845,0.00020138,0.38636379,176.3,7124195.2,37,268,43,0,1.415e-005,0.466,0.148,657643,NA,NA,0.554886492873139,0,0,0,0,0,0,2,0,NA,NA,0,NA,0,0,0,0,0,0,0,0,958.13,0.446,0.557,NA,NA,1034.955,NA,75.2,106.9,65.8,108.8,19263.72,13165,5382,2.25465251330254,0.372030779302263,2.74727091425549,0.159506879027783,0.0794791535352189,0.128496592468104,0.0467411811782022,0.0743199039124887,0.0753705312260346,0.0783542077722675,0.071632112535262,0.0355472048692674,0.0183176272216613,-0.0102343105187991,0.392042087776024,0.282719283109652,-0.0454623740767574,NA,0.0713778132592179,0.0553533911784416,0.0407111850570135,0.0798088715915633,0.061099658640721,-0.0414100568718091,0.0467411811782022,0.0694270170410658,0.0465908008195835,-0.542324290825362,-0.0944096844710744,NA,0.00485830915107618,-0.012629329745025,0.0791520005252274,NA,-0.2537805207761,NA,0.0206006686111206,0.0458747102093081,NA,0.0383188643021367,NA,NA,NA,NA,0.036228938296458,NA,0.115035473717759,NA,NA,NA,NA,103,0.507594603184544,0.140598295486022,1320697,2479.86489624196,0.219084073840459,0.0421045893736238,-0.588991703497922,0.0842313940797714,0.0995212352227875,0.00377376882762581,0.396376129485363,0.0454479810564782,0.0308465631102539,0.00974259619881894,0,0,13.0304344746343,12.2053601988003,13.6784231358691,-2.47418757592193,-2.30738423826376,6.86498346813823,NA,6.94211322649339,NA,4.32015123095579,4.671893818031,4.18661983833127,4.68951133442184,12.1362751159794,-8.5103168874768,-0.950975892215065,5.17218708940382,15.7790073233532,3.61091791264422,5.59098698051086,3.76120011569356,NA,-11.165795933875,-0.763569644856491,-1.91054300521802,NA,NA,NA,10.2901469362752,12.1501846009,1.91287132856831,9.10985683339786,16.7543973098989,NA,5.89440283426485,10.4524178823357,9.48531707193041,8.59081533128685,13.3964175098807,14.0936701855066
1973,1973,15.9,NA,NA,NA,31606,198906,4,16,1,15.6,0,0,0,0,0,NA,0,0,0,7.545704,9215,0,21521523,NA,388,38528,491603,206376.4712,935062,0,0,0,0,0,196158.47263533,0.00022945,0.34955236,178.5,6595881,52,390,79,0,1.415e-005,0.51,0.217,699440,NA,NA,0.683899595045266,0,0,0,0,0,0,2.1,0,0,0,0,0,0,0,0,0,0,0,0,0,1139.05,0.466,0.446,0.557,NA,1341.527,NA,78.4,104.1,69,101.8,19627.95,14063,5420,2.64172406342004,0.439014758229386,2.76631910922619,0.0190481949706947,0.108107066124403,0.130166752230237,0.018731036706064,0.0666025053584228,0.106722646332829,0.074992284543453,0.0320971111672002,0.0699449803637125,0.0124015118158687,-0.0770514020914274,0.340325805937203,0.375159758612836,0.608247736773459,NA,0.0616177839740479,0.209047540494008,0.0416726964005684,-0.0265418424100762,0.0474866662659882,-0.0665012303054202,0.0187310367060641,0.0659854419398376,0.00703576314684032,0.392042087776024,0.282719283109652,-0.542324290825362,0.061099658640721,0.0183176272216613,0.0794791535352189,NA,-0.0454623740767574,-0.0944096844710744,0.0355472048692674,0.0467411811782022,0.0458747102093081,0.159506879027783,NA,0.036228938296458,NA,NA,0.0694270170410658,NA,0.0713778132592179,0.115035473717759,NA,-0.00515627502392047,NA,171,0.506934568273024,0.172966392501736,1383793,3258.5962228949,0.273092414795912,0.0466686519929436,-0.379944163003915,0.103100557580678,0.127466685351842,0.202137096102089,0.247483998379461,0.0783542077722675,0.0421045893736238,0.0407111850570135,0,0,13.1054267591778,12.2374573099675,13.7483681162328,-2.27205047981984,-2.0599002398843,7.03794986063996,NA,7.20156379638696,NA,4.36182392735636,4.64535197562092,4.23410650459726,4.62301010411642,12.186678145379,-8.37982541712343,-1.05110191450924,5.18458860121969,15.7019559212618,3.95124371858143,5.96614673912369,4.36944785246702,NA,-11.165795933875,-0.673344553263766,-1.52785792544168,NA,NA,NA,10.361102254969,12.2005876302996,2.02097839469271,9.12858787010392,16.8845640621291,NA,5.96100533962327,10.5591405286685,9.55130251387025,8.59785109443369,13.4580352938548,14.1403388374996
1974,1974,13.3,NA,NA,NA,27364.5,205667,5,25,1,15.9,0,0,0,0,0,NA,0,0,0,8.728899,9364,0,22152157,NA,400,40895,519225,217921.5701,920245,0,0,0,0,0,202826.081623935,0.00028428,0.34642544,184,6884765.6,85,358,64,0,1.393e-005,0.379,0.127,732922,NA,NA,0.547413819322621,0,0,0,0,0,0,2.7,1,0,0,0,0,0,0,0,0,0,0,0,0,1103.84,0.51,0.466,0.446,NA,1110.298,NA,83.1,116.4,73,100,19945.32,14711,5582,0.128795613537532,0.240499859261738,2.58776403522771,-0.178555073998478,0.145660850366912,0.028881369074846,0.0160399585068775,0.0304592074847083,0.059622556500582,0.0546658350365628,0.0544331968874594,-0.0159728983124905,0.0303471563892921,0.0428657232781608,0.491407537908889,-0.0856137527229918,-0.21056476910735,NA,0.0467592693464006,-0.222606074307363,0.0582207745050404,0.111680559676415,0.0563529365511316,-0.0178399181283305,0.0160399585068774,0.0450482783799636,0.029451319662575,0.340325805937203,0.375159758612836,0.392042087776024,0.0474866662659882,0.0124015118158687,0.108107066124403,NA,0.608247736773459,0.282719283109652,0.0699449803637125,0.0187310367060641,0.0467411811782022,0.0190481949706947,-0.0944096844710744,0.0694270170410658,-0.542324290825362,0.036228938296458,0.0659854419398376,0.0458747102093081,0.0616177839740479,0.0713778132592179,0.115035473717759,0.128496592468104,-0.00515627502392047,193,0.121026632402225,-0.0313995718421651,1396109,3186.37107020778,-0.0224138224694297,0.00886080198599615,-0.602550237311278,0.116441779320206,0.1738272067499,0.121686600603235,0.310206702045544,0.074992284543453,0.0466686519929436,0.0416726964005684,0,0,13.1600925942143,12.2918905068549,13.7323952179203,-2.15036387921661,-1.74969353783875,7.0065502887978,NA,7.01238372674364,NA,4.4200447018614,4.75703253529734,4.29045944114839,4.60517018598809,12.220104150043,-8.16555089000558,-1.06008766388198,5.21493575760899,15.7448216445399,4.44265125649032,5.8805329864007,4.15888308335967,NA,-11.1814657701726,-0.970219073899711,-2.06356819252355,NA,NA,NA,10.2170018318964,12.2340136349636,2.16663924505963,9.1446278286108,16.913445431204,NA,5.99146454710798,10.6187630851691,9.59635079225021,8.62730241409627,13.5047945632012,14.1491996394856
1975,1975,12.3,NA,NA,NA,27359.2,222290,6,36,1,13.3,0,0,0,0,0,NA,0,0,0,10.20873,9518,0,20817084,NA,421,44957,522040,233553.3834,915126,0,0,0,0,0,219219.46488345,0.00034462,0.34498624,178.6,6327962.9,169.94,682.64,114,0,1.444e-005,0.612,0.181,789236,NA,NA,0.702904735589623,0,0,0,0,0,1,4.3,1,0,0,0,0,0,0,0,0,0,0,0,0,1201.13,0.379,0.51,0.466,NA,1540.904,NA,84.7,120.3,75.1,106.8,20273.34,14637,5827,-0.784132836344973,0.333961652283736,2.50959926237837,-0.0781647728493361,0.156603991525093,-0.0621608774987677,0.0163121930702539,0.0511682865743991,0.0946986711935733,0.00540689806712824,0.0692754458040545,-0.00557817822510071,-0.0297870891665865,-0.0843327189593477,0.692794177085079,0.645434647827629,0.577315365034824,NA,0.0740261047025372,0.250016329705012,0.0190708997966065,0.0329560876832959,0.0283611176216983,0.0657877405380032,0.0163121930702538,-0.00504294376626512,0.0429551530468076,0.491407537908889,-0.0856137527229918,0.340325805937203,0.0563529365511316,0.0303471563892921,0.145660850366912,NA,-0.21056476910735,0.375159758612836,-0.0159728983124905,0.0160399585068774,0.0187310367060641,-0.178555073998478,0.282719283109652,0.0659854419398376,0.392042087776024,0.0694270170410658,0.0450482783799636,0.0467411811782022,0.0467592693464006,0.0616177839740479,0.0713778132592179,0.130166752230237,0.128496592468104,200,0.0356271776431507,0.0844677705550438,1384009,3481.67509521539,0.0886308534772038,-0.00870472145679635,-0.352533907606266,0.127257927688507,0.129793939142218,0.088824553830674,-0.292113631783171,0.0546658350365628,0.00886080198599615,0.0582207745050404,0,0,13.1654994922815,12.361165952659,13.7268170396952,-2.06153932538593,-2.04180716962192,7.09101805935284,NA,7.34012453616996,NA,4.43911560165801,4.78998862298063,4.31882055877009,4.67095792652609,12.2978286297643,-7.97306819724932,-1.06425074680414,5.1851486684424,15.6604889255806,5.1354454335754,6.52596763422833,4.7361984483945,NA,-11.1455084244996,-0.491022996469811,-1.70925824771631,NA,NA,NA,10.2168081315429,12.311738114685,2.32324323658472,9.16094002168106,16.8512845537052,NA,6.04263283368238,10.7134617563626,9.59130784848395,8.67025756714308,13.5788206679037,14.1404949180288
1976,1976,12,NA,NA,NA,27389.2,228873,7,49,0,12.3,0,0,0,0,0,NA,0,0,0,12.00801,9542,0,21292816,NA,439,47307,539287,257990.1614,940490,1,0,0,0,0,225711.532620765,0.00040478,0.4022674,165.5,6181893.8,192.66,477.62,10,0,1.605e-005,0.415,0.013,798985,NA,NA,0.742472473843734,0,0,0,0,0,1,4.5,1,0,0,0,0,0,0,0,0,0,0,0,0,1244.53,0.612,0.379,0.51,NA,1675.846,NA,84.6,127.2,76,123,20324.46,14943,6305,-0.997061286227479,0.311500267292844,2.484906649788,-0.0246926125903715,0.162330690524243,0.0225957430884459,0.00251836439499569,0.0418665793927901,0.0509517987110487,0.0325036834316032,0.0995107764091277,0.0273392553292439,-0.0761774736252812,-0.0233537029604457,0.125481543754082,-0.357152196979813,-2.43361335540045,NA,0.0122767832016455,0.0547644263494589,-0.00118133504583081,0.0557720279253886,0.0119127815162421,0.141226428846323,0.00251836439499737,0.0206903932574461,0.0788406812559463,0.692794177085079,0.645434647827629,0.491407537908889,0.0283611176216983,-0.0297870891665865,0.156603991525093,NA,0.577315365034824,-0.0856137527229918,-0.00557817822510071,0.0163121930702538,0.0160399585068774,-0.0781647728493361,0.375159758612836,0.0450482783799636,0.340325805937203,0.0659854419398376,-0.00504294376626512,0.0187310367060641,0.0740261047025372,0.0467592693464006,0.0616177839740479,0.028881369074846,0.130166752230237,180,-0.105360515657826,0.035495168230951,1452507,3093.78786349577,-0.118117341209167,0.0483066689449174,-0.297769481256807,0.112956488816606,0.107408437290777,-0.119213263756773,-0.189309370866642,0.00540689806712824,-0.00870472145679635,0.0190708997966065,0,0,13.1980031757131,12.4606767290681,13.7541562950245,-2.18075258914271,-2.23111654048856,7.12651322758379,NA,7.42407339137878,NA,4.43793426661218,4.84576065090602,4.33073334028633,4.81218435537242,12.3270130586237,-7.81216684832622,-0.910638237364019,5.10897119481712,15.6371352226201,5.26092697732948,6.16881543724852,2.30258509299405,NA,-11.0398017083883,-0.879476758751439,-4.3428059215206,NA,NA,NA,10.2179040540905,12.3409225435443,2.48557392710896,9.16345838607605,16.8738802967937,NA,6.08449941307517,10.7644135550737,9.61199824174139,8.74909824839902,13.5910974511054,14.1888015869737
1977,1977,12.7,NA,NA,NA,31597.1,249264,8,64,0,12,0,0,0,0,0,NA,0,0,0,14.95454,9558,0,21755248,NA,446,50379,554595,266774.2488,962036,0,1,0,0,0,245820.86776152,0.00050996,0.45683923,144.8,5354622.2,115.49,607.68,27,0,1.8e-005,0.472,0.032,803747,NA,15.52,0.675864508627397,0,0,0,0,0,1,5.1,0,0,0,0,0,0,0,0,0,0,0,0,0,1882.14,0.415,0.612,0.379,NA,1661.416,NA,84.4,127,75.6,140.3,20358.54,15186,6387,-0.209989736109986,0.182863178831503,2.54160199346455,0.0566953436765454,0.219441005556386,0.0214852769565059,0.00167539306205191,0.0158195389448929,0.0629161454894209,0.0279902209034369,0.0334813405566383,0.0226508559605949,-0.133617714865501,-0.143664514132003,-0.511743031202482,0.240832990375405,0.993251773010283,NA,0.00594237091775879,-0.0939931727959088,-0.00236686501026599,-0.0015735644474306,-0.00527705710084361,0.131598631735998,0.00167539306205187,0.0161309880317865,0.0129217051625693,0.125481543754082,-0.357152196979813,0.692794177085079,0.0119127815162421,-0.0761774736252812,0.162330690524243,NA,-2.43361335540045,0.645434647827629,0.0273392553292439,0.00251836439499737,0.0163121930702538,-0.0246926125903715,-0.0856137527229918,-0.00504294376626512,0.491407537908889,0.0450482783799636,0.0206903932574461,0.0160399585068774,0.0122767832016455,0.0740261047025372,0.0467592693464006,-0.0621608774987677,0.028881369074846,204,0.125163142954006,0.413651478742739,1501126,4119.9176349194,0.286436985671509,0.0329244641561051,-0.391762654052716,0.130389106434432,0.12278682762174,0.143520416550244,0.133811004542017,0.0325036834316032,0.0483066689449174,-0.00118133504583081,0,0,13.2259933966165,12.4941580696247,13.7768071509851,-2.03723217259246,-2.09730553594655,7.54016470632653,NA,7.41542552979076,NA,4.43556740160191,4.84418708645859,4.32545628318549,4.94378298710842,12.4123583698316,-7.58117826669435,-0.783423744292789,4.97535347995162,15.4934707084881,4.749183946127,6.40964842762392,3.29583686600433,NA,-10.9251388000681,-0.750776293396582,-3.44201937618241,NA,NA,NA,10.3608206232118,12.4262678547522,2.70501493266535,9.1651337791381,16.8953655737502,NA,6.10031895202006,10.8273297005631,9.62812922977318,8.76201995356159,13.5970398220231,14.2217260511298
1978,1978,13.8,NA,NA,NA,36942.7,267076,9,81,0,12.7,1,0,0,0,0,NA,0,0,0,17.91161,9532,0,22028419,NA,473,52385,562709,270787.893,994213,0,0,0,0,0,263386.82713218,0.00082562,0.46096035,129.2,3594324.2,107.76,1178.16,34,0,2.428e-005,0.755,0.037,804641,NA,17.59,0.624244203061406,0,0,0,0,0,1,6.8,0,0,0,0,0,0,0,0,0,0,0,0,0,2503.19,0.472,0.415,0.612,NA,1644.177,NA,84.8,129.2,76.1,130.9,20303.16,15236,6350,0.97708181400751,0.0692137500205088,2.62466859216316,0.0830665986986136,0.180434173281071,0.0124783766791193,-0.002723940919471,0.0587764364718685,0.0390458692239476,0.0145245029900927,0.0149330411242831,0.0328995974120135,-0.113991888603115,-0.39860416033208,-0.0692774140248871,0.662060750793986,0.230523658611832,NA,0.00111167217371476,-0.0794509820579007,0.00472814119594571,0.01717450488991,0.00659198168215292,-0.0693493141925609,-0.00272394091947095,0.00328709782531481,-0.00580986167485156,-0.511743031202482,0.240832990375405,0.125481543754082,-0.00527705710084361,-0.133617714865501,0.219441005556386,NA,0.993251773010283,-0.357152196979813,0.0226508559605949,0.00167539306205187,0.00251836439499737,0.0566953436765454,0.645434647827629,0.0206903932574461,0.692794177085079,-0.00504294376626512,0.0161309880317865,0.0163121930702538,0.00594237091775879,0.0122767832016455,0.0740261047025372,0.0225957430884459,-0.0621608774987677,230,0.11995931507898,0.285156491133615,1546287,5430.38029192749,0.276175995202061,0.029641080132885,-0.471213636110617,0.146994678026444,0.139887615506116,0.119873275831939,0.130389610815419,0.0279902209034369,0.0329244641561051,-0.00236686501026599,0,0,13.2405178996066,12.509091110749,13.8097067483971,-1.91735889676052,-1.96691592513113,7.82532119746015,NA,7.40499523405432,NA,4.44029554279786,4.8613615913485,4.33204826486764,4.87443367291585,12.481379056153,-7.09937593872419,-0.774443248361236,4.8613615913485,15.0948665481561,4.67990653210211,7.07170917841791,3.52636052461616,NA,-10.625857591773,-0.281037529733112,-3.29683736633791,NA,NA,NA,10.5171233425819,12.4952885410737,2.88544910594642,9.16240983821863,16.9078439504293,NA,6.15909538849193,10.8663755697871,9.63141632759849,8.75621009188674,13.5981514941968,14.2513671312627
1979,1979,12,NA,NA,NA,33859.8,283089,10,100,0,13.8,1,0,0,0,0,NA,0,0,0,20.7166,9566,0,20770015,NA,494,53956,562943,269096.8388,1020138,0,0,0,0,0,279178.636440645,0.00135024,0.40358587,140.7,2353952.4,132.83,1396.81,75,0,3.108e-005,0.67,0.06,809489,NA,15.52,0.545764539660232,0,0,0,0,0,0,8.4,0,0,0,0,0,1,0,0,0,0,0,0,0,2604,0.755,0.472,0.415,NA,1523.658,NA,97.9,122.6,88.8,122.6,20375.58,15106,6181,-0.735846635874996,-0.0712950366256688,2.484906649788,-0.139761942375159,0.145486205316096,-0.0588230323817872,0.00356058602160992,0.0434401286959899,0.0295486088025053,0.000415759050524225,-0.00626452140886193,0.0257417218295842,0.0852683727718419,-0.423260202458736,0.209163583042304,0.170237165862881,0.791127588920149,NA,0.00600696917571338,-0.134354006183464,0.143651006738607,-0.0524345678463903,0.154338385130484,-0.0655066494137432,0.00356058602160984,-0.00856903272510125,-0.0269747422274642,-0.0692774140248871,0.662060750793986,-0.511743031202482,0.00659198168215292,-0.113991888603115,0.180434173281071,NA,0.230523658611832,0.240832990375405,0.0328995974120135,-0.00272394091947095,0.00167539306205187,0.0830665986986136,-0.357152196979813,0.0161309880317865,0.125481543754082,0.0206903932574461,0.00328709782531481,0.00251836439499737,0.00111167217371476,0.00594237091775879,0.0122767832016455,0.0214852769565059,0.0225957430884459,280,0.196710294246054,0.0394828058683121,1610463,6452.15849603456,0.172405558533423,0.0406651419951842,-0.60556764229408,0.190555127202008,0.183768273457692,0.25954515212019,0.272836226686174,0.0145245029900927,0.029641080132885,0.00472814119594571,0,0,13.2409336586571,12.5028265893402,13.8354484702267,-1.65781374464033,-1.69407969844496,7.86480400332846,NA,7.3288693016142,NA,4.58394654953646,4.80892702350211,4.48638664999812,4.80892702350211,12.5396071298964,-6.60747292455462,-0.907366001026347,4.94662996412034,14.6716063456973,4.88907011514441,7.24194634428079,4.31748811353631,NA,-10.3789460324648,-0.400477566597125,-2.81341071676004,NA,NA,NA,10.4299837489951,12.553516614817,3.03093531126252,9.16597042424024,16.8490209180475,NA,6.20253551718792,10.8959241785896,9.62284729487339,8.72923534965927,13.6041584633725,14.2920322732579
1980,1980,11.5,22388,276660.007638721,8.09224296315193,32925,285997,11,121,0,12,1,0,0,0,0,NA,0,0,0,23.9405,9576,0,19726106,15.96,511,56044,575377,262515.2973,998687,0,0,0,0,0,282046.467669585,0.00262299,0.43105606,131.8,1082602.4,310.77,1492.7,18,0,7.604e-005,0.66,0.019,814394,NA,16.52,0.456683613392723,0,0,0,0,0,0,11.1,0,0,0,0,0,1,1,0,0,0,0,0,0,3008.96,0.67,0.755,0.472,921,1288.06,0.332899578750354,94.3,101.5,82.3,90.6,20396.88,15275,5907,-1.1487750857575,-0.222405086138181,2.4423470353692,-0.042559614418796,0.144636274196413,-0.0515674239472945,0.00104482299756772,0.0338340730157819,0.0379681969015525,0.0218470984502973,-0.0247619545957229,-0.0212517750021708,-0.0653443420519366,-0.776728015469486,0.849982973593708,0.0663954953584068,-1.42711635564015,NA,0.00604109399168136,-0.178196797603439,-0.037465359897053,-0.188868225020269,-0.0760155423151005,-0.302472810453177,0.00104482299756772,0.0111254891664033,-0.0453419823520386,0.209163583042304,0.170237165862881,-0.0692774140248871,0.154338385130484,0.0852683727718419,0.145486205316096,NA,0.791127588920149,0.662060750793986,0.0257417218295842,0.00356058602160984,-0.00272394091947095,-0.139761942375159,0.240832990375405,0.00328709782531481,-0.511743031202482,0.0161309880317865,-0.00856903272510125,0.00167539306205187,0.00600696917571338,0.00111167217371476,0.00594237091775879,0.0124783766791193,0.0214852769565059,326,0.152107778197458,0.144545779760253,1633152,6980.43776486984,0.0786969064650442,0.0139901745834869,-0.78376443989752,0.212010258614118,0.253093799978262,0.106693128848702,0.320084590381426,0.000415759050524225,0.0406651419951842,0.143651006738607,0,0,13.2627807571074,12.4780646347444,13.8141966952245,-1.55112061579163,-1.37399510806353,8.00934978308871,6.82546003625531,7.16089248943024,-1.09991439979591,4.54648118963941,4.62005879848184,4.41037110768302,4.50645421304893,12.5498271153158,-5.94344039053319,-0.841517127731139,4.88128562206841,13.8948783302278,5.73905308873812,7.30834183963919,2.89037175789616,NA,-9.48425104034405,-0.415515443961666,-3.9633162998157,10.0162803800113,12.5305446220393,2.09090594396004,10.4019875266115,12.5637366002365,3.17557158545893,9.16701524723781,16.7974534941002,2.77008559202166,6.2363695902037,10.9338923754911,9.6339727840398,8.68389336730723,13.6101995573642,14.3060224478414
1981,1981,12.4,22321,276872.597723688,8.06183066995882,35569,287139,12,144,0,11.5,1,0,0,0,0,8.09224296315193,0,0,0,27.42369,9528,0,18488179,15.81,529,58242,574615,275260.8359,985468,0,0,0,0,0,283172.693000895,0.00360962,0.55450755,122.4,893500.1,271.19,1706.77,95,0,0.00011122,0.866,0.099,811700,NA,16.18,0.49627348778138,0,0,0,0,0,0,13.7,0,1,0,0,0,1,1,0,0,0,0,0,0,3776.73,0.66,0.67,0.755,1052,1405.311,0.37995814993937,90.2,105,78.3,103.4,20294.64,15161,6044,-0.161703535640006,-0.244844334994528,2.51769647261099,0.0753494372417868,0.135835652925223,-0.064811381254865,-0.00502513620267302,0.0346188416545949,0.0384696474491591,-0.00132522680422164,0.0474097865497124,-0.0133247610037748,-0.0739912519901814,-0.191976604726801,-0.136233406508054,0.134016134768362,1.66350513370438,NA,-0.00331346461495543,0.0831363223385515,-0.0444517625708337,0.033901551675681,-0.0498235046862663,0.132150749025395,-0.00502513620267298,-0.00749116395821526,0.0229279560853945,0.849982973593708,0.0663954953584068,0.209163583042304,-0.0760155423151005,-0.0653443420519366,0.144636274196413,NA,-1.42711635564015,0.170237165862881,-0.0212517750021708,0.00104482299756772,0.00356058602160984,-0.042559614418796,0.662060750793986,-0.00856903272510125,-0.0692774140248871,0.00328709782531481,0.0111254891664033,-0.00272394091947095,0.00604109399168136,0.00600696917571338,0.00111167217371476,-0.0588230323817872,0.0124783766791193,381,0.155901993759993,0.22726405176275,1641795,6810.96226733072,-0.0245782195541313,0.00527826561236999,-0.700628117558968,0.191485908159654,0.271114365432278,-0.101820443911097,0.0687805736040255,0.0218470984502973,0.0139901745834869,-0.037465359897053,0,0,13.2614555303032,12.5254744212942,13.8008719342207,-1.65294105970273,-1.3052145344595,8.23661383485146,6.95844839329766,7.2480139095862,-0.96769416406515,4.50202942706858,4.65396035015752,4.36054760299676,4.63860496207433,12.5538122131333,-5.6241527753358,-0.589674856414257,4.80729437007823,13.702901725501,5.60281968223007,7.44235797440756,4.55387689160054,NA,-9.10400033620486,-0.143870370419702,-2.31263542884755,10.013283218359,12.5313127433509,2.08714066099621,10.4792297509684,12.5677216980539,3.31140723838415,9.16199011103514,16.7326421128453,2.76064265122138,6.2709884318583,10.9723620229403,9.62648162008158,8.70682132339263,13.6068860927493,14.3113007134537
1982,1982,13.2,22560,276686.947701002,8.1536191668785,37651,286097,13,169,0,12.4,0,0,0,0,1,8.06183066995882,0,0,0,31.37681,9602,0,18541357,15.99,569,62372,581777,285067.9068,1006094,0,0,1,0,0,282145.086350085,0.00466138,0.65991929,116.6,681445.8,511.1,1782.69,55,0,0.00016255,0.936,0.063,825959,NA,16.28,0.493262887546147,0,0,0,0,0,0,15.5,0,1,0,0,0,1,1,0,0,0,0,0,0,4733.38,0.866,0.66,0.67,1131,1391.717,0.408765216211861,90,95.4,76.9,94.2,20452.26,15268,6105,0.725368014477487,-0.309884058474764,2.58021682959233,0.0625203569813339,0.134661846646865,0.00287219567416169,0.00773657805575036,0.0728920022680315,0.068509712764495,0.0123869614732224,0.0350082790486554,0.0207141304197211,-0.0485450961618341,-0.270929728992564,0.633745583544168,0.0435207640657442,-0.54654370636807,NA,0.0174143217180271,-0.00608488904393503,-0.00221975673831298,-0.0958817717032823,-0.0180417264851589,-0.0931847804920116,0.00773657805575031,0.00703279378353822,0.0100420631521749,-0.136233406508054,0.134016134768362,0.849982973593708,-0.0498235046862663,-0.0739912519901814,0.135835652925223,NA,1.66350513370438,0.0663954953584068,-0.0133247610037748,-0.00502513620267298,0.00104482299756772,0.0753494372417868,0.170237165862881,0.0111254891664033,0.209163583042304,-0.00856903272510125,-0.00749116395821526,0.00356058602160984,-0.00331346461495543,0.00604109399168136,0.00600696917571338,-0.0515674239472945,-0.0588230323817872,370,-0.0292963694884314,0.225780979176108,1635313,7172.66500877706,0.0517438620800768,-0.00395593215315415,-0.706713006602903,0.190503970911186,0.265858647986624,-0.00514118025175936,-0.0195759755297089,-0.00132522680422164,0.00527826561236999,-0.0444517625708337,0,0,13.2738424917764,12.5604827003428,13.8215860646405,-1.65808223995449,-1.32479050998921,8.46239481402757,7.03085747611612,7.23829351562748,-0.894614331257164,4.49980967033027,4.55807857845424,4.3425058765116,4.54542018158232,12.5501767082185,-5.36844373734553,-0.415637739318226,4.75874927391639,13.4319719965085,6.23656526577423,7.4858787384733,4.00733318523247,NA,-8.72452491121436,-0.0661398025045449,-2.7646205525906,10.023933705612,12.5306419933614,2.09846189823871,10.5361147933003,12.5640861931391,3.44606908503102,9.16972668909089,16.7355143085195,2.77196352684586,6.34388043412633,11.0408717357048,9.63351441386512,8.71686338654481,13.6243004144673,14.3073447813006
1983,1983,12.8,22829,280328.055346512,8.14367294482215,37089,289618,14,196,0,13.2,0,0,0,0,0,8.1536191668785,0,0,0,35.19666,9669,0,17924921,16.91,611,65934,592075,299233.0959,1042559,0,0,0,0,0,285617.45009049,0.0061246,0.86258938,98.2,531813,243.16,1622.39,46,0.01,0.00022546,0.977,0.055,834536,NA,20.05,0.568977490515769,0,0,0,0,0,0,16.9,0,1,0,0,0,0,1,0,0,0,0,0,0,5950.14,0.936,0.866,0.66,1288,1625.099,0.459461682637476,79.1,91.7,68.2,99.5,20594.97,15465,6251,0.412439564594983,-0.296198578750146,2.54944517092557,-0.0307716586667537,0.114882106707404,-0.0338117713317016,0.00695348139266268,0.0712165250452647,0.0555377849702021,0.0175461032545154,0.0484954332613397,0.0356027611374398,-0.171743058555972,-0.247924793736012,-0.742845602893712,-0.0942230888035183,-0.178691788743376,NA,0.0103307462907996,0.142798601238349,-0.129096795556657,-0.0395561991918213,-0.120061311662182,0.0547374625822295,0.00695348139266267,0.0128202712540494,0.023633343387008,0.633745583544168,0.0435207640657442,-0.136233406508054,-0.0180417264851589,-0.0485450961618341,0.134661846646865,NA,-0.54654370636807,0.134016134768362,0.0207141304197211,0.00773657805575031,-0.00502513620267298,0.0625203569813339,0.0663954953584068,-0.00749116395821526,0.849982973593708,0.0111254891664033,0.00703279378353822,0.00104482299756772,0.0174143217180271,-0.00331346461495543,0.00604109399168136,-0.064811381254865,-0.0515674239472945,411,0.105090208857964,0.228775213647058,1661027,6897.99821092163,-0.0390460192109412,0.0156018624306498,-0.563914405364554,0.185985014719233,0.252907669009703,-0.0240069345856937,-0.0499402914995786,0.0123869614732224,-0.00395593215315415,-0.00221975673831298,0,0,13.2913885950309,12.6089781336041,13.8571888257779,-1.68208917454018,-1.37473080148879,8.69117002767463,7.1608459066643,7.39332401598503,-0.777699729918149,4.37071287477361,4.51852237926242,4.22244456484942,4.60015764416455,12.5624086073377,-5.09544183080633,-0.147816506460227,4.58700621536042,13.1840472027725,5.49371966288052,7.39165564966978,3.8286413964891,-4.60517018598809,-8.39736779834789,-0.0232686269393543,-2.90042209374967,10.0357869365496,12.5437158225705,2.09724129996716,10.521075708675,12.5763180922583,3.56095119173842,9.17668017048355,16.7017025371878,2.82790516291049,6.4150969591716,11.096409520675,9.64633468511917,8.74049672993181,13.6346311607581,14.3229466437312
1984,1984,12.3,24562,304844.042532465,8.0572347079357,39004,316357,15,225,0,12.8,0,0,0,0,0,8.14367294482215,0,0,0,39.16693,9636,0,16179363,16.52,642,68266,602642,319316.975,1070405,0,0,0,0,0,311987.099069385,0.00908843,0.96643746,97.4,362470.2,248.4,1771.83,113,0.01,0.00036668,1.06,0.14,835200,NA,14.9,0.678583828086162,0,0,0,0,0,0,19.6,0,1,0,0,0,0,0,0,0,0,0,0,0,7499.4,0.977,0.936,0.866,1727,2117.094,0.566519189830019,81.9,87.2,67.8,85.4,20524.68,15677,6507,-0.000488885287522223,-0.248621364424756,2.50959926237837,-0.0398459085471995,0.106881576559338,-0.102455437960276,-0.00341880674878601,0.0494913445183659,0.0347575971317165,0.0176900061940514,0.0649614068550459,0.0263588137182696,-0.00818000471193107,-0.383349659771314,0.021320687178802,0.0881125400984338,0.898746422223246,4.33247188125208e-016,0.000795335352417144,0.176167147157922,0.0347861160854157,-0.0503180483474855,-0.00588236990306703,-0.152811543370023,-0.00341880674878598,0.0136152639493614,0.0401370695631715,-0.742845602893712,-0.0942230888035183,0.633745583544168,-0.120061311662182,-0.171743058555972,0.114882106707404,NA,-0.178691788743376,0.0435207640657442,0.0356027611374398,0.00695348139266267,0.00773657805575031,-0.0307716586667537,0.134016134768362,0.00703279378353822,-0.136233406508054,-0.00749116395821526,0.0128202712540494,-0.00502513620267298,0.0103307462907996,0.0174143217180271,-0.00331346461495543,0.00287219567416169,-0.064811381254865,840,0.714808677341125,0.231408268649602,1709917,7759.83993832358,0.117730452324986,0.0290087455579133,-0.387747258206631,0.198949849716018,0.396770289840697,0.0673866770450142,0.450333020720739,0.0175461032545154,0.0156018624306498,-0.129096795556657,0,0,13.309078601225,12.6739395404592,13.8835476394962,-1.61470249749517,-0.924397780768052,8.92257829632423,7.45414107814668,7.65779967260541,-0.568244324718833,4.40549899085902,4.46820433091493,4.21656219494635,4.44734610079452,12.6507171168001,-4.70075310298182,-0.0341386901356111,4.57882621064849,12.8006975430011,5.51504035005932,7.47976818976822,4.72738781871234,-4.60517018598809,-7.9110210248707,0.0582689081239758,-1.96611285637283,10.1089558121703,12.6275555888536,2.08657040930482,10.571419483955,12.6646266017208,3.66783276829776,9.17326136373476,16.5992470992275,2.80457176809283,6.46458830368996,11.1311671178067,9.65994994906853,8.78063379949498,13.6354264961105,14.3519553892891
1985,1985,12.1,25459,317893.10429813,8.00866695621173,39672,327188,16,256,0,12.3,0,0,0,0,0,8.0572347079357,0,0,0,42.61928,9668,0,16545465,13.37,689,85955,616632,332861.067,1108933,0,0,0,0,0,322668.48835434,0.01317474,1.02206264,96.4,265811,250.21,1967.8,99,0.01,0.00052198,1.12,0.109,843337,NA,12.22,0.810405755249458,0,0,0,0,0,0,21,0,0,0,0,0,0,0,0,0,0,0,0,0,8261.97,1.06,0.977,0.936,2230,2614.924,0.701493668736091,83.3,87.7,69.7,87.5,20592.84,15982,6616,-0.113417335170029,-0.178828560506464,2.4932054526027,-0.0163938097756764,0.0844739647527767,0.0223755048831023,0.00331537808861126,0.0706529673236975,0.230412064668898,0.022949089365004,0.0415409252282679,0.035361210223197,-0.0103200090319898,-0.310156734096552,0.00726021520036643,0.10490325666345,-0.132267968577751,4.33247188125208e-016,0.00969542374171645,0.177527033872963,0.0169495583137734,0.00571756846320313,0.0276381228201284,0.0242926925690448,0.00331537808861116,0.0192684188658778,0.0166124372085433,0.021320687178802,0.0881125400984338,-0.742845602893712,-0.00588236990306703,-0.00818000471193107,0.106881576559338,4.33247188125208e-016,0.898746422223246,-0.0942230888035183,0.0263588137182696,-0.00341880674878598,0.00695348139266267,-0.0398459085471995,0.0435207640657442,0.0128202712540494,0.633745583544168,0.00703279378353822,0.0136152639493614,0.00773657805575031,0.000795335352417144,0.0103307462907996,0.0174143217180271,-0.0338117713317016,0.00287219567416169,1482,0.567745914018673,0.0968400405438246,1747676,8083.62391565355,0.0408785689198261,0.0218420740370995,-0.210220224333668,0.203761441713388,0.566746872949271,0.023897124705865,0.356555273644915,0.0176900061940514,0.0290087455579133,0.0347861160854157,0,0,13.33202769059,12.7154804656875,13.9189088497194,-1.5908053727893,-0.567842507123137,9.01941833686806,7.70975686445416,7.86899031297917,-0.3545434048031,4.4224485491728,4.47392189937814,4.24420031776648,4.47163879336357,12.6843807233009,-4.32945391909479,0.0218227814883874,4.5685062016165,12.4905408089046,5.52230056525969,7.58467144643167,4.59511985013459,-4.60517018598809,-7.55788128499189,0.113328685307003,-2.21640739675299,10.1448245940423,12.6694704552454,2.08052432478504,10.588400928169,12.6982902082216,3.75230673305053,9.17657674182337,16.6216226041106,2.59301339111385,6.53524127101366,11.3615791824756,9.67921836793441,8.79724623670353,13.6451219198522,14.3737974633262
1986,1986,12.9,25956,327756.80013938,7.91928649198494,43744,338854,17,289,0,12.1,0,0,0,0,0,8.00866695621173,0,1,0,46.36762,10331,0,18236942,11.35,731,92129,636693,356212.2299,1153427,0,0,0,0,0,334173.34362147,0.01773453,0.84121748,94.8,168146.1,377.58,3450.6,125,0.01,0.00067451,1.414,0.122,853834,1019990,11.66,0.715522361564682,0,0,0,0,0,0,20.6,0,0,0,0,0,0,0,0,0,0,0,0,0,10048.19,1.12,1.06,0.977,2079,2391.085,0.634311782125008,86.5,72.5,70.5,69.7,22005.03,16452,6919,0.773654214947467,-0.335741077436243,2.55722731136763,0.0640218587649311,0.0842946377470479,0.0973372709356353,0.0663276210260722,0.0591721887361195,0.0693658653407538,0.0320151811659027,0.0678015179235415,0.0393392192216026,-0.0167367923555236,-0.457952285582314,0.411481901507207,0.561631961516099,0.233193887167712,4.33247188125208e-016,0.0123701546332555,-0.124522203079978,0.0376958647650369,-0.190335337517509,0.0114123920517448,-0.227438475597091,0.0663276210260721,0.028983961415906,0.0447802927952844,0.00726021520036643,0.10490325666345,0.021320687178802,0.0276381228201284,-0.0103200090319898,0.0844739647527767,4.33247188125208e-016,-0.132267968577751,0.0881125400984338,0.035361210223197,0.00331537808861116,-0.00341880674878598,-0.0163938097756764,-0.0942230888035183,0.0136152639493614,-0.742845602893712,0.0128202712540494,0.0192684188658778,0.00695348139266267,0.00969542374171645,0.000795335352417144,0.0103307462907996,-0.102455437960276,-0.0338117713317016,1215,-0.198648450081383,0.195729460896816,1787651,11944.8183601701,0.390457297916367,0.022615562180679,-0.334742427413646,0.273061868145805,0.508137519159712,0.292748486561662,-0.109160653907742,0.022949089365004,0.0218420740370995,0.0169495583137734,0,0,13.3640428717559,12.783281983611,13.958248068941,-1.29805688622764,-0.677003161030879,9.21514779776487,7.63964228785801,7.77950251680553,-0.455214675510846,4.46014441393783,4.28358656186063,4.25561270981822,4.24420031776648,12.7194151302073,-4.03224169237639,-0.172905055531164,4.55176940926098,12.0325885233223,5.9337824667669,8.14630340794776,4.8283137373023,-4.60517018598809,-7.30152405662948,0.346422567474381,-2.10373423424888,10.1641580757411,12.700027149357,2.0693011123722,10.6861097395237,12.7333246151279,3.83660137079758,9.24290436284945,16.7189598750463,2.42921774392741,6.59441345974978,11.4309450478163,9.70820232935031,8.84202652949881,13.6574920744855,14.3964130255069
1987,1987,12.8,27704,357568.806828601,7.7478794209473,46596,363766,18,324,0,12.9,0,0,0,0,0,7.91928649198494,0,1,0,48.80101,10465,0,20235362,12.81,834,106214,672011,389996.3886,1206049,0,0,0,0,0,358741.22930763,0.02462544,0.74236321,94.9,116485.3,745.33,4570.7,115,9,0.00085721,1.476,0.098,886699,1034621,15.82,0.79583834,0,0,0,0,0,0,19.9,0,0,0,0,0,0,0,0,0,0,0,0,0,10937.21,1.414,1.12,1.06,2468,2855,0.690216806630737,88.1,67.1,72.3,62.8,22290.45,17322,7446,0.760725765064961,-0.317454222245929,2.54944517092557,-0.00778214044205502,0.0511496385686568,0.103982350880727,0.0128872720306554,0.131819942608968,0.142266158027241,0.0539871166630407,0.0906107744519492,0.0446122166853433,0.00105429635490614,-0.367068159553294,0.680044606558068,0.281118237077241,-0.0833816089390509,6.80239476332431,0.0377687831048271,0.106383223197972,0.0183281190043003,-0.077402517882993,0.0252114193464959,-0.104245244292326,0.0128872720306554,0.0515303195406756,0.0734057249338514,0.411481901507207,0.561631961516099,0.00726021520036643,0.0114123920517448,-0.0167367923555236,0.0842946377470479,4.33247188125208e-016,0.233193887167712,0.10490325666345,0.0393392192216026,0.0663276210260721,0.00331537808861116,0.0640218587649311,0.0881125400984338,0.0192684188658778,0.021320687178802,0.0136152639493614,0.028983961415906,-0.00341880674878598,0.0123701546332555,0.00969542374171645,0.000795335352417144,0.0223755048831023,-0.102455437960276,1721,0.348161440436891,0.0847782182637751,1812717,14732.9633967179,0.20978981696636,0.0139243571756165,-0.228359204215674,0.3161851531616,0.602802101576182,0.146629576970369,0.170836835152307,0.0320151811659027,0.022615562180679,0.0376958647650369,0,0,13.4180299884189,12.873892758063,14.0028602856263,-1.15142730925727,-0.506166325878571,9.29992601602865,7.81116338502528,7.95682712209011,-0.370749518236929,4.47847253294213,4.20618404397764,4.28082412916472,4.13995507347415,12.7903565978341,-3.70397522406331,-0.29791665423375,4.55282370561588,11.665520363769,6.61382707332497,8.427421645025,4.74493212836325,2.19722457733622,-7.06182762854396,0.389335726178281,-2.32278780031157,10.2293320860823,12.7870830892503,2.04741918282005,10.7492699795197,12.8042660827548,3.88775100936624,9.2557916348801,16.822942225927,2.55022611590864,6.72623340235875,11.5732112058436,9.75973264889099,8.91543225443266,13.6952608575903,14.4103373826825
1988,1988,12.6,29775,384090.021710962,7.75208891586527,49759,394810,19,361,0,12.8,0,0,0,0,0,7.7478794209473,0,1,0,51.16164,10477,0,22670322,11.74,957,122306,706245,398265.6857,1266737,0,0,0,0,0,389356.41248205,0.04157011,0.70003317,98.9,69955.9,1234.7,7020.57,354,0.01,0.00142235,1.922,0.289,907921,1081224,11.65,1.07169854309061,0,0,0,0,0,0,18.9,0,0,0,0,0,0,0,0,0,0,0,0,0,11685.22,1.476,1.414,1.12,3715,4172.727,0.967221169519378,92.5,64.7,77.9,55.8,22316.01,18164,7476,0.647797315182455,-0.103623142400322,2.53369681395743,-0.0157483569681395,0.0472390231245908,0.113625000249405,0.00114602247286548,0.137569989094208,0.141070174317574,0.0496874933527749,0.0209818554999358,0.0490945751764589,0.0412855330127844,-0.509900041270876,0.504756231248733,0.429178045279783,1.12436478477052,-6.80239476332431,0.0236517918027308,0.297604017513858,0.0487361115762461,-0.036422842470781,0.0746018237119833,-0.118181204086888,0.00114602247286553,0.047464243326852,0.0040209141427908,0.680044606558068,0.281118237077241,0.411481901507207,0.0252114193464959,0.00105429635490614,0.0511496385686568,6.80239476332431,-0.0833816089390509,0.561631961516099,0.0446122166853433,0.0128872720306554,0.0663276210260721,-0.00778214044205502,0.10490325666345,0.028983961415906,0.00726021520036643,0.0192684188658778,0.0515303195406756,0.00331537808861116,0.0377687831048271,0.0123701546332555,0.00969542374171645,0.0973372709356353,0.0223755048831023,2355,0.313635210238979,0.0661540583237734,1879918,16692.3804482008,0.124864963437139,0.0364013341510709,0.0692448132981839,0.335464548085789,0.564379121854845,0.0591883122087029,-0.0658627255616974,0.0539871166630407,0.0139243571756165,0.0183281190043003,0,0,13.4677174817717,12.8948746135629,14.0519548608028,-1.09223899704857,-0.572029051440269,9.36608007435242,8.22013395715186,8.33632505789079,-0.0333280924940972,4.52720864451838,4.16976120150686,4.3554259528767,4.02177386938726,12.8722504305807,-3.18037387958205,-0.356627559347114,4.59410923862867,11.1556203224981,7.1185833045737,8.85659969030479,5.86929691313377,-4.60517018598809,-6.55544484567849,0.653366310548101,-1.2413285908697,10.3014243942235,12.858632235634,2.04796234457754,10.8149466307481,12.8861599155013,3.93499003249083,9.25693765735297,16.9365672261764,2.46300181439995,6.86380339145295,11.7142813801612,9.80719689221784,8.91945316857545,13.718912649393,14.4467387168336
1989,1989,11.9,32477,409150.887987942,7.93765844178179,50912.7,426461,20,400,0,12.6,0,0,0,0,0,7.75208891586527,0,1,0,54.63625,9883,0,26025596,13.6,1102,146086,740336,399267.8859,1295637,0,0,0,0,0,420570.211047105,0.06787258,0.7115852,104.7,49884.4,1473.39,8428.38,663,0.01,0.00212168,2.092,0.46,918649,1093631,15.04,1.05550770915223,0,0,0,0,0,0,17,0,0,0,0,0,0,0,0,0,0,0,0,1,11565.14,1.922,1.476,1.414,3921,4439.151,0.95832616159825,98.8,71,84.5,83.9,21050.79,19004,7367,0.0348688652999503,-0.181843099583706,2.47653840011748,-0.0571584138399486,0.0657075493769561,0.138023847083359,-0.058366268976781,0.141078598259905,0.177669388208588,0.0471419344113481,0.00251325025858503,0.0225581632657434,0.0569898792478246,-0.338156714886459,0.176737842628772,0.182760171405429,0.627478077052088,4.33247188125208e-016,0.0117467421003913,-0.0152229212268323,0.0658889602354428,0.0929186755344605,0.0813255814864254,0.407851744085896,-0.058366268976781,0.0452078700889696,-0.0146873218926396,0.504756231248733,0.429178045279783,0.680044606558068,0.0746018237119833,0.0412855330127844,0.0472390231245908,-6.80239476332431,1.12436478477052,0.281118237077241,0.0490945751764589,0.00114602247286553,0.0128872720306554,-0.0157483569681395,0.561631961516099,0.0515303195406756,0.411481901507207,0.028983961415906,0.047464243326852,0.0663276210260721,0.0236517918027308,0.0377687831048271,0.0123701546332555,0.103982350880727,0.0973372709356353,2556,0.0819028090469072,-0.010329394269446,1953170,16252.6426912758,-0.0266968320085805,0.0382255348078804,0.0540218920713516,0.319225707756135,0.575785775252971,-0.0496178815178028,0.0200094460117913,0.0496874933527749,0.0364013341510709,0.0487361115762461,0,0,13.5148594161831,12.8973878638215,14.0745130240685,-1.14185687856637,-0.552019605428477,9.35575068008297,8.27410200229233,8.3982184209259,-0.04256709799645,4.59309760475382,4.26267987704132,4.43675153436313,4.42962561347316,12.9493667148426,-2.69012315513897,-0.340260121607979,4.65109911787649,10.8174636076116,7.29532114720247,9.03935986171022,6.49677499018586,-4.60517018598809,-6.15554705129299,0.738120546202677,-0.776528789498996,10.3882874254777,12.9218392862769,2.07161832518895,10.8378676802573,12.9632761997633,4.00069758186779,9.19857138837618,17.0745910732598,2.61006979274201,7.00488198971286,11.8919507683698,9.85240476230681,8.90476584668281,13.7306593914934,14.4849642516415
1990,1990,10.6,34085,438093.612396348,7.78030061053776,48744.7,458229,21,441,0,11.9,0,0,1,0,0,7.93765844178179,0,1,0,58.3088,9436,0,28571611,14.68,1260,173227,768331,436221.3569,1305733,0,0,0,0,0,451899.393468345,0.1088024,0.61268716,111.6,38427.1,3348.596,13294.256,684,-16,0.00260864,2.551,0.337,929533,1102342,15.15,1.19458182020732,0,0,0,0,0,0,16,0,0,0,0,0,0,0,0,0,0,0,0,1,11289.33,2.092,1.922,1.476,4799,5398.308,1.09542797799533,105,79.6,93.3,105.5,20098.68,19693,7914,-1.17805958458256,-0.104798111773619,2.36085400111802,-0.115684398999462,0.065055443494079,0.0933330871768549,-0.0462839478486181,0.133985010232664,0.170407383736763,0.0371164926807524,0.0885172289859301,0.00776210280773927,0.0638219320707191,-0.26094538877889,0.820975285290203,0.455727479513482,0.0311829274366877,NA,0.0117781969785685,0.123774290819291,0.060862745403701,0.114334215809022,0.0990685734901699,0.229085339442961,-0.046283947848618,0.0356137593253839,0.0716227752625563,0.176737842628772,0.182760171405429,0.504756231248733,0.0813255814864254,0.0569898792478246,0.0657075493769561,4.33247188125208e-016,0.627478077052088,0.429178045279783,0.0225581632657434,-0.058366268976781,0.00114602247286553,-0.0571584138399486,0.281118237077241,0.047464243326852,0.680044606558068,0.0515303195406756,0.0452078700889696,0.0128872720306554,0.0117467421003913,0.0236517918027308,0.0377687831048271,0.113625000249405,0.103982350880727,2705,0.0566583757831562,-0.0241373692529248,2055810,18425.9288214886,0.125503325031605,0.0512162371940512,0.177796182890642,0.378008867045825,0.501082931911258,0.16901925272188,-0.138964053410828,0.0471419344113481,0.0382255348078804,0.0658889602354428,0,0,13.5519759088638,12.9859050928074,14.0822751268762,-0.972837625844492,-0.690983658839305,9.33161331083005,8.47616284185825,8.59384085011989,0.0911451343917993,4.65396035015752,4.37701409285034,4.5358201078533,4.65871095291612,13.0212148532173,-2.21822188598006,-0.48990081589251,4.71492104994721,10.5565182188328,8.11629643249267,9.4950873412237,6.52795791762255,NA,-5.94892626625008,0.936485439159674,-1.08767234862978,10.4366126837969,12.9901878934545,2.05159497633044,10.7943517525671,13.035124338138,4.06575302536186,9.15228744052757,17.1679241604366,2.68648602318637,7.13886699994552,12.0623581521065,9.8880185216322,8.97638862194537,13.742437588472,14.5361804888355
1991,1991,10.8,34181,436717.536118591,7.82679814137762,50023.1,463951,22,484,0,10.6,0,0,1,0,0,7.78030061053776,0,1,0,61.76897,9603,0,28797252,12.36,1404,200678,787893,440263.0184,1282515,0,0,0,0,0,457542.354366555,0.1805886,0.62464682,112.9,25429.9,4133.255,11624.29,810,27,0.00417182,2.074,0.398,972292,972808,13.23,1.20598605732124,0,1,1,0,0,0,16.1,0,0,0,0,0,0,0,1,0,0,0,0,1,11967.02,2.551,2.092,1.922,5158,5517.897,1.18108378377536,106.2,80.9,97.2,145.2,20454.39,20159,7854,-0.890988034465062,-0.155422997904703,2.37954613413017,0.0186921330121526,0.0576481094457068,0.00786636345043507,0.0175433881104079,0.108213584640233,0.147098760326801,0.0251416639543139,0.00922250358517106,-0.0179415750111502,0.0115814212084062,-0.412837292787674,0.210524078639859,-0.134235187902129,0.169076330043934,NA,0.0449738613787025,0.00950135425402233,0.0113637586503149,0.016199731214109,0.040950603613095,0.319401149474574,0.0175433881104077,0.0233875961482268,-0.00761038680741391,0.820975285290203,0.455727479513482,0.176737842628772,0.0990685734901699,0.0638219320707191,0.065055443494079,NA,0.0311829274366877,0.182760171405429,0.00776210280773927,-0.046283947848618,-0.058366268976781,-0.115684398999462,0.429178045279783,0.0452078700889696,0.504756231248733,0.047464243326852,0.0356137593253839,0.00114602247286553,0.0117781969785685,0.0117467421003913,0.0236517918027308,0.138023847083359,0.113625000249405,2654,-0.0190339763884291,0.0582965010047101,2160826,19158.0579886727,0.0389645620803343,0.0498206251331403,0.187297537144665,0.382984221063323,0.480980344504437,0.0130761369262427,-0.0409452146881581,0.0371164926807524,0.0512162371940512,0.060862745403701,0,0,13.5771175728181,12.9951275963926,14.0643335518651,-0.95976148891825,-0.731928873527463,9.38990981183476,8.54830418644129,8.61575208841962,0.166432477777093,4.66532410880784,4.39321382406445,4.57677071146639,4.9781121023907,13.033624737263,-1.71153376291518,-0.470568876968134,4.72650247115562,10.1436809260451,8.32682051113253,9.36085215332157,6.69703424766648,3.29583686600433,-5.47940288754906,0.729479109807336,-0.921303273697699,10.439425213117,12.9870418946523,2.05755350445278,10.8202401777211,13.0475342221837,4.12340113480757,9.16983082863797,17.175790523887,2.51446545202954,7.24708058458576,12.2094569124333,9.91140611778042,8.96877823513796,13.7874114498507,14.5860011139687
1992,1992,10.3,36492,476141.107111619,7.66411457758159,51630.6,503356,23,529,0,10.8,0,0,1,1,0,7.82679814137762,0,1,0,65.42849,9792,0,26051200,11.7,1498,219940,795214,466609.602,1293514,0,0,0,1,0,496403.04541758,0.3071381,0.61543149,111.7,15175.9,2453.648,14949.532,844,65,0.00687242,2.44,0.394,1003199,998816,13.34,1.42547392996904,0,1,0,0,0,0,18.1,0,0,0,0,0,0,0,1,0,0,1,0,1,13613.53,2.074,2.551,2.092,6549,7076.096,1.37543259806483,105.7,77.7,98.5,146.51,20856.96,20299,8188,-1.30391648434757,0.00203575149809354,2.33214389523559,-0.0474022388945841,0.0575566557090409,-0.100216133525254,0.0194901761141349,0.0648055794914082,0.0916531484316062,0.00924896698520403,0.0581206206192439,0.00853955203205747,-0.0106857650804614,-0.516217003803552,-0.521489335432876,0.251583120659445,0.041118246929473,0.878550403891308,0.0312930021993849,0.167206803717085,-0.00471921593164665,-0.0403585666908446,0.0132858367116497,0.00898158312252633,0.0194901761141349,0.00692078495234359,0.0416467116432252,0.210524078639859,-0.134235187902129,0.820975285290203,0.040950603613095,0.0115814212084062,0.0576481094457068,NA,0.169076330043934,0.455727479513482,-0.0179415750111502,0.0175433881104077,-0.046283947848618,0.0186921330121526,0.182760171405429,0.0356137593253839,0.176737842628772,0.0452078700889696,0.0233875961482268,-0.058366268976781,0.0449738613787025,0.0117781969785685,0.0117467421003913,0.0933330871768549,0.138023847083359,3639,0.315640982720008,0.128909618292342,2202138,22120.3013189982,0.143772388756791,0.0189381506321116,0.354504340861749,0.428433938768834,0.514266623855866,0.11214276752127,0.0669154489649798,0.0251416639543139,0.0498206251331403,0.0113637586503149,0,0,13.5863665398033,13.0532482170118,14.0728731038972,-0.84761872139698,-0.665013424562484,9.5188194301271,8.78706764521805,8.86447762217464,0.318768298411479,4.66060489287619,4.3528552573736,4.59005654817804,4.98709368551322,13.115143467301,-1.18045779540778,-0.485431647432583,4.71581670607516,9.62746392224153,7.80533117569966,9.61243527398102,6.73815249459596,4.17438726989564,-4.98023897858921,0.89199803930511,-0.931404369684203,10.5048483374654,13.0734695327947,2.03654899065879,10.8518697989567,13.1290529522216,4.18095779051661,9.18932100475211,17.0755743903618,2.45958884180371,7.31188616407716,12.3011100608649,9.91832690273277,9.01042494678118,13.8187044520501,14.6049392646008
1993,1993,10.4,37268,490692.062321851,7.5949873376096,53844.6,519045,24,576,0,10.3,0,0,1,0,0,7.66411457758159,0,1,0,68.41797,9734,0,22741027,10.21,1581,235238,787012,504134.4406,1333497,0,0,0,0,1,511875.330201225,0.5101374,0.76474471,99.8,10627.9,3173.154,9570.2529,636,14,0.01098463,1.877,0.262,1009241,1009241,11.69,1.2699650904146,0,1,0,0,0,0,22.4,0,0,1,0,0,0,0,1,0,0,1,0,1,14872.04,2.44,2.074,2.551,5904,6500.638,1.20319859507479,94.2,83.3,89.2,135.3,20733.42,20045,8705,-1.11684493423007,-0.21550221130135,2.34180580614733,0.00966191091173687,0.0446777189054659,-0.135893182386054,-0.00594081435870706,0.0539266731323077,0.0672429857173761,-0.0103677647436674,0.0773500416931913,0.0304422689857354,-0.112648522757737,-0.35622602451411,0.257150149215707,-0.446020363550897,-0.282953931255835,-1.53532994028038,0.00600466911233175,-0.115514928631567,-0.115184711293875,0.0695932917991954,-0.0991755085920795,-0.0795991503364789,-0.00594081435870711,-0.0125918776561604,0.0612279054211093,-0.521489335432876,0.251583120659445,0.210524078639859,0.0132858367116497,-0.0106857650804614,0.0575566557090409,0.878550403891308,0.041118246929473,-0.134235187902129,0.00853955203205747,0.0194901761141349,0.0175433881104077,-0.0474022388945841,0.455727479513482,0.0233875961482268,0.820975285290203,0.0356137593253839,0.00692078495234359,-0.046283947848618,0.0312930021993849,0.0449738613787025,0.0117781969785685,0.00786636345043507,0.0933330871768549,3959,0.0842825494939703,0.088418788888637,2180071,19447.0648904521,-0.128799645275665,-0.0100712615585294,0.238989412230182,0.361170198876993,0.609017145701699,-0.170787245323774,0.169104566755506,0.00924896698520403,0.0189381506321116,-0.00471921593164665,0,0,13.5759987750597,13.130598258705,14.1033153728829,-1.01840596672075,-0.495908857806978,9.60723821901574,8.68338536628031,8.77965560491311,0.184983506555497,4.54542018158232,4.4224485491728,4.49088103958596,4.90749453517674,13.145836378671,-0.673075177783892,-0.268213213268282,4.60316818331742,9.27123789772742,8.06248132491536,9.16641491043012,6.45519856334012,2.63905732961526,-4.51125825600686,0.629674757604372,-1.33941077522104,10.5258903285703,13.1035720457129,2.0274884688455,10.8938573990048,13.1597458635917,4.22563550942208,9.1833801903934,16.9396812079757,2.32336763217657,7.36581283720947,12.3683530465823,9.90573502507661,9.07165285220229,13.8247091211624,14.5948680030423
1994,1994,9.9,43232,512469.813346234,8.43600908270311,54377.7,550471,25,625,0,10.4,0,0,0,0,0,7.5949873376096,0,1,0,71.64621,10063,0,24037777,10,1729,265136,805768,476630.5652,1394524,0,0,0,0,0,542867.236735155,1.046879,0.80511879,95.1,4310.1,4110.905,9276.0278,608,49,0.02960868,1.8,0.346,1053355,1132350,8.01,1.22877520480285,0,1,0,0,0,0,23.9,0,0,1,0,0,0,0,1,0,0,1,0,1,17281.5,1.877,2.44,2.074,6034,6670.618,1.17743520551977,89.9,61.2,84.2,97.5,21434.19,20486,8100,-1.52977338411258,-0.318721220158103,2.29253475714054,-0.0492710490067827,0.0461047474307273,0.0554559844979776,0.0332404195399334,0.0894856484738189,0.119645134287274,0.0235523638038117,-0.056101285347908,0.0447483234883945,-0.0482392137660739,-0.902521513042639,0.258917152982838,-0.0312262150777305,-0.0450236813739549,1.25276296849537,0.0427817451412654,-0.0329715074055951,-0.0467222401047424,-0.308301359654517,-0.0576861183376822,-0.327642157172941,0.0332404195399334,0.021761979919873,-0.0720335115417594,0.257150149215707,-0.446020363550897,-0.521489335432876,-0.0991755085920795,-0.112648522757737,0.0446777189054659,-1.53532994028038,-0.282953931255835,0.251583120659445,0.0304422689857354,-0.00594081435870711,0.0194901761141349,0.00966191091173687,-0.134235187902129,0.00692078495234359,0.210524078639859,0.0233875961482268,-0.0125918776561604,0.0175433881104077,0.00600466911233175,0.0312930021993849,0.0449738613787025,-0.100216133525254,0.00786636345043507,4321,0.0874953888258023,0.15015362513048,2233957,21464.5344446625,0.0987058590950571,0.0244170073981032,0.206017904824587,0.394730458343448,0.647766069050874,0.0888538357692078,0.0616832054481649,-0.0103677647436674,-0.0100712615585294,-0.115184711293875,0,0,13.5995511388635,13.0744969733571,14.1480636963713,-0.929552130951546,-0.434225652358813,9.75739184414622,8.70516541971901,8.80546778829075,0.163338518234953,4.49869794147758,4.11414718951828,4.43319492124828,4.5798523780038,13.2046200694542,0.0458133569195169,-0.216765447232858,4.55492896955134,8.36871638468478,8.3213984778982,9.13518869535239,6.41017488196617,3.89182029811063,-3.51968771739628,0.587786664902119,-1.06131650392441,10.6743362407599,13.1469970874721,2.13250933927587,10.9037094223306,13.2185295543749,4.27174025685281,9.21662060993333,16.9951371924737,2.30258509299405,7.45529848568329,12.4879981808696,9.92749700499648,8.99961934066053,13.8674908663037,14.6192850104404
1995,1995,10.3,34920,533059.371248476,6.55086504120808,58350,565495,26,676,0,9.9,0,0,0,0,0,8.43600908270311,0,1,0,74.99481,10002,0,25458317,11.27,1793,280463,827987,510906.1109,1438862,0,0,0,0,0,557683.707293475,1.979787,0.74937582,95.4,2484.1,4669.79,8070.4376,885,113,0.04584506,1.352,0.388,1050074,1074017,9.36,1.38553195995267,0,1,0,0,0,0,22.7,0,0,1,0,0,0,0,0,0,0,1,0,1,18997.99,1.8,1.877,2.44,7083,7726.886,1.3287450483069,91.3,66.4,85.4,82.2,21304.26,21021,8549,-1.04270183399508,-0.223993588253287,2.33214389523559,0.0396091380950457,0.045678654289074,0.0574158527428017,-0.00608025795448365,0.0363469879218425,0.0561989070664004,0.0272015938975801,0.0694441429393796,0.0312993849690209,0.00314960890289646,-0.551050684792778,0.127470903873573,-0.139225710031904,0.375412763041762,0.835567520601714,-0.00311967046283349,0.120066247680761,0.0154528461233484,0.0815498669641081,0.0141511795462432,-0.170697075941667,-0.00608025795448367,0.0257802120421631,0.053950255365704,0.258917152982838,-0.0312262150777305,0.257150149215707,-0.0576861183376822,-0.0482392137660739,0.0461047474307273,1.25276296849537,-0.0450236813739549,-0.446020363550897,0.0447483234883945,0.0332404195399334,-0.00594081435870711,-0.0492710490067827,0.251583120659445,-0.0125918776561604,-0.521489335432876,0.00692078495234359,0.021761979919873,0.0194901761141349,0.0427817451412654,0.00600466911233175,0.0312930021993849,-0.135893182386054,-0.100216133525254,4957,0.137313862088641,0.0946966189325735,2271420,25351.7520754806,0.166445830655469,0.0166307341027583,0.326084152505348,0.434477327771733,0.641526224147736,0.0959406152713886,-0.00967956398347658,0.0235523638038117,0.0244170073981032,-0.0467222401047424,0,0,13.6267527327611,13.1439411162965,14.1793630813403,-0.833611515680157,-0.44390521634229,9.85208846307879,8.86545282575362,8.95246121436286,0.284234924087131,4.51415078760092,4.19569705648239,4.44734610079452,4.40915530206213,13.2315472478456,0.682989263162181,-0.288514658955753,4.55807857845424,7.81766569989201,8.44886938177177,8.99596298532049,6.78558764500793,4.72738781871234,-3.08248782872336,0.301584977620772,-0.946749939358864,10.4608150099535,13.1863880876546,1.87959710828705,10.9742146377147,13.2454567327662,4.31741891114188,9.21054035197885,17.0525530452165,2.42214432805168,7.49164547360513,12.544197087936,9.95327721703864,9.05356959602623,13.8643711958409,14.6359157445431
1996,1996,9.6,36221,566902.04333402,6.38928725445755,57271,596524,27,729,0,10.3,0,0,0,0,0,6.55086504120808,0,1,0,77.66376,9482,0,24726943,8.74,1866,301524,847999,546696.7159,1483662,0,0,0,0,0,588284.09766582,3.571775,0.76142751,96.3,1456.9,7078.557,9647.2853,722,110,0.08140489,1.549,0.295,1025208,1087529,7.5,1.46427296508248,0,0,0,0,0,0,22,0,0,1,0,0,0,0,0,0,0,0,0,1,20972.31,1.352,1.8,1.877,7966,8614.085,1.40518103500756,92.8,67.1,87.6,80.5,20196.66,21479,9010,-1.65563028387759,-0.20728170636848,2.26176309847379,-0.0703807967617995,0.0349698281626784,-0.0291490284023508,-0.0533898085167846,0.0399069078021565,0.0724078060353802,0.0238820027670106,0.0677083614348511,0.0306608326240368,0.00938974034983898,-0.533599530232055,0.415955970583866,0.178468853373583,-0.203562506115104,-0.026907452919924,-0.023965119043802,0.055274697212911,0.016295852191232,0.0104869874952479,0.0254348971478216,-0.0208981176376165,-0.0533898085167847,0.0215537755656191,0.0525207545761508,0.127470903873573,-0.139225710031904,0.258917152982838,0.0141511795462432,0.00314960890289646,0.045678654289074,0.835567520601714,0.375412763041762,-0.0312262150777305,0.0312993849690209,-0.00608025795448367,0.0332404195399334,0.0396091380950457,-0.446020363550897,0.021761979919873,0.257150149215707,-0.0125918776561604,0.0257802120421631,-0.00594081435870711,-0.00311967046283349,0.0427817451412654,0.00600466911233175,0.0554559844979776,-0.135893182386054,5650,0.130854826119913,0.0988698121179645,2289382,27543.4098775864,0.0829154580369913,0.00787672557047792,0.381358849718259,0.480931184676125,0.655902513151426,0.10158042936729,0.0221621072601036,0.0272015938975801,0.0166307341027583,0.0154528461233484,0,0,13.6506347355281,13.2116494777313,14.2100239139643,-0.732031086312867,-0.421743109082186,9.95095827519676,8.98293776374159,9.06115393322267,0.340166145024382,4.53044663979215,4.20618404397764,4.47278099794235,4.38825718442452,13.2849652694925,1.27306267110869,-0.272560304874779,4.56746831880408,7.28406616965995,8.86482535235564,9.17443183869407,6.58202513889283,4.70048036579242,-2.50831993406792,0.437609561434732,-1.22077992264232,10.4973943401121,13.2479418047053,1.85462272139484,10.9555496663844,13.2988747544131,4.35238873930456,9.15715054346206,17.0234040168142,2.16791018966744,7.53155238140729,12.6166048939714,9.97483099260426,9.10609035060238,13.8404060767971,14.6437924701136
1997,1997,10.2,39552.72,592646.922127816,6.67390962868608,62415,610763,28,784,0,9.6,0,0,0,0,0,6.38928725445755,0,1,0,79.19457,7520,0,26794598,6.4,1933,313298,880806,587856.4234,1540935,0,0,0,0,0,602326.411582215,6.631693,0.87995528,92.1,858.2,14426.5954,8936.944977,805,251,0.151865,1.56,0.315,972721,1102424,5.37,1.60859690255796,0,0,0,0,0,0,20.6,0,0,0,0,0,0,0,0,0,0,0,0,1,23667.83,1.549,1.352,1.8,9040,9689.004,1.52536015331745,88.1,71.5,85.4,84,16017.6,22251,9545,-0.968558733760096,-0.124986892138004,2.32238772029023,0.0606246218164347,0.0195189965593754,0.080306841185345,-0.231829126518178,0.0352760978010418,0.0383051992907144,0.0379579408284449,0.0725885414419953,0.0378760190459568,-0.0445933755428189,-0.529228997102526,0.712003332558352,-0.0764827540956453,0.108817138525737,0.824972573339367,-0.0525534987822095,0.0940034602162825,-0.0519741068500209,0.0635134057223255,-0.0254348971478214,0.0425596144187957,-0.231829126518178,0.0353112378004046,0.057682385557464,0.415955970583866,0.178468853373583,0.127470903873573,0.0254348971478216,0.00938974034983898,0.0349698281626784,-0.026907452919924,-0.203562506115104,-0.139225710031904,0.0306608326240368,-0.0533898085167847,-0.00608025795448367,-0.0703807967617995,-0.0312262150777305,0.0257802120421631,0.258917152982838,0.021761979919873,0.0215537755656191,0.0332404195399334,-0.023965119043802,-0.00311967046283349,0.0427817451412654,0.0574158527428017,0.0554559844979776,7008,0.21539680847574,0.120913745880101,2329155,26896.6282013786,-0.0237623680116883,0.0172236287066934,0.475362309934542,0.430932118903767,0.723294159028111,-0.109773611712438,0.0978038284741923,0.0238820027670106,0.00787672557047792,0.016295852191232,0,0,13.6885926763565,13.2842380191733,14.2478999330103,-0.841804698025304,-0.323939280607994,10.0718720210769,9.10941445338622,9.17874691322422,0.422230548286352,4.47847253294213,4.26969744969996,4.44734610079452,4.43081679884331,13.3085547892778,1.89186012604984,-0.127884190982991,4.52287494326126,6.75483717255742,9.57682868491399,9.09794908459842,6.69084227741856,5.52545293913178,-1.88476331067651,0.444685821261446,-1.1551826401565,10.5853897445352,13.292354091088,1.8982058394353,11.0415609100852,13.3224642741984,4.37190773586393,8.92532141694389,17.1037108579995,1.85629799036563,7.56682847920833,12.6549100932621,10.0101422304047,9.16377273615985,13.7878525780148,14.6610160988203
1998,1998,10.8,41892.264,609268.051012685,6.87583468891393,67762,625236,29,841,0,10.2,0,0,0,0,0,6.67390962868608,0,1,0,80.64726,7539,0,30990099,4.83,1954,314215,920162,606032.1409,1595093,0,0,0,0,0,616599.49321098,12.24485,0.89778564,94.2,522.6,20242.22449,14173.28932,940,367,0.26072425,2.358,0.349,979325,1121217,4.24,1.58169072588954,0,0,0,0,0,0,18.6,0,0,0,0,0,0,0,0,0,0,0,0,1,26806.4,1.56,1.549,1.352,8960,9752.697,1.47061707652441,89.5,78.8,87.7,90.8,16058.07,23164,9702,-0.2814871836426,-0.213922192051427,2.37954613413017,0.0571584138399487,0.0181770941685942,0.145467466338209,0.00252340926781655,0.0108053533943968,0.00292265069486272,0.0437123441237493,0.0304502822604436,0.0345426667010164,0.0225452383210561,-0.496020819470912,0.338697338080643,0.461165353822347,0.155037597845486,0.379908908922787,0.00676625980688025,-0.0168679553458882,0.0157660923386758,0.0972155471638714,0.0265757985836129,0.0778424867639342,0.00252340926781655,0.0402123979410122,0.0163145926453132,0.712003332558352,-0.0764827540956453,0.415955970583866,-0.0254348971478214,-0.0445933755428189,0.0195189965593754,0.824972573339367,0.108817138525737,0.178468853373583,0.0378760190459568,-0.231829126518178,-0.0533898085167847,0.0606246218164347,-0.139225710031904,0.0215537755656191,0.127470903873573,0.0257802120421631,0.0353112378004046,-0.00608025795448367,-0.0525534987822095,-0.023965119043802,-0.00311967046283349,-0.0291490284023508,0.0574158527428017,7177,0.0238291148138448,0.124523922882634,2372521,29858.3523790824,0.104463679315462,0.0184475620293032,0.458494354588653,0.44063564208675,0.735899003116779,0.0222677445716574,0.0172768869125394,0.0379579408284449,0.0172236287066934,-0.0519741068500209,1,0,13.7323050204803,13.3146883014338,14.2824425997113,-0.819536953453647,-0.306662393695455,10.1963959439595,9.10052550596898,9.18529914112553,0.38568209265627,4.49423862528081,4.36691299686383,4.47392189937814,4.50865928560725,13.331974972525,2.50510544043118,-0.107823947415819,4.54542018158232,6.25881635308651,9.91552602299463,9.55911443842077,6.84587987526405,5.90536184805457,-1.34429194357311,0.857813802115179,-1.05268335677971,10.6428564587924,13.3200135993008,1.92801304547969,11.123756844829,13.3458844574456,4.39008483003253,8.9278448262117,17.2491783243377,1.57484646766448,7.57763383260273,12.6578327439569,10.0503546283457,9.18008732880516,13.7946188378217,14.6794636608496
1999,1999,11,45440.366,633039.67608926,7.17812290703763,72060,652200,30,900,0,10.8,0,0,0,0,0,6.87583468891393,0,1,0,82.5105,16229,1,34626973,4.73,1907,319313,963832,585637.0748,1645605,0,0,0,0,0,643191.034221,20.18777,0.9385629,94.4,354.9,44382.2741,18743.38521,783,645,0.41878292,3.033,0.313,1299021,1282013,2.96,1.16408416809917,0,0,0,0,0,0,15.6,0,0,0,0,0,0,0,0,0,0,0,0,1,30481.69,2.358,1.56,1.549,6893,7487.285,1.08887329820826,89.6,82.8,88.5,118.8,16229,24193,9242,0.0055843664748938,-0.693557873086801,2.39789527279837,0.0183491386681966,0.0228407279368938,0.110965178460101,0.76671021810418,-0.0243472270023094,0.0160943479791563,0.0463672640660522,-0.0342327510162323,0.0311760560103993,0.00212089156913799,-0.386980293434061,0.785069413729398,0.279481741933177,-0.182747179273247,0.563888468741202,0.282502623982097,-0.306559698530055,0.00111669470007476,0.0495150645273803,0.00908065263574604,0.268782121321297,0.0105882383828463,0.0434639857581067,-0.0485737373749504,0.338697338080643,0.461165353822347,0.712003332558352,0.0265757985836129,0.0225452383210561,0.0181770941685942,0.379908908922787,0.155037597845486,-0.0764827540956453,0.0345426667010164,0.00252340926781655,-0.231829126518178,0.0571584138399487,0.178468853373583,0.0353112378004046,0.415955970583866,0.0215537755656191,0.0402123979410122,-0.0533898085167847,0.00676625980688025,-0.0525534987822095,-0.023965119043802,0.080306841185345,-0.0291490284023508,5193,-0.323569903585753,0.128485510498233,2416912,32476.9815640486,0.0840669664404849,0.0185375894020048,0.151934656058598,0.450693610380913,0.693575842244552,0.0225694269673574,-0.0592322899474545,0.0437123441237493,0.0184475620293032,0.0157660923386758,0,1,13.7786722845463,13.2804555504175,14.3136186557217,-0.79696752648629,-0.365894683642909,10.3248814544577,8.83826168288565,8.92096152748723,0.085143490265796,4.49535531998088,4.41642806139121,4.48300255201388,4.77744140692854,13.3741970574167,3.00507697550644,-0.0634054033580699,4.54754107315146,5.87183605965245,10.700595436724,9.83859618035395,6.6631326959908,6.46925031679577,-0.870402584007479,1.10955222870644,-1.16155208844198,10.7241561079401,13.3582883786079,1.9710379153202,11.1852543843021,13.3881065423374,4.41292555796942,9.69455504431588,17.3601435027978,1.55392520250384,7.55328660560042,12.6739270919361,10.0938186141038,9.13151359143021,14.0771214618038,14.6980012502516
2000,2000,10.7,46402.926,683169.986001149,6.79229576106143,74462,696700,31,961,0,11,0,0,0,0,0,7.17812290703763,0,1,0,85.34351,16287,1,38438638,5.53,1824,325168,1012504,625310.7967,1715305,0,0,0,0,0,687076.3470435,31.27396,1.08509607,91.1,257.8,58213.2679,39575.10319,982,870,0.6252185,6.815,0.368,1315697,1314491,4.39,1.51775753085847,0,0,0,0,0,0,13.9,0,0,0,0,0,0,0,0,0,0,0,0,1,33749.51,3.033,2.358,1.56,9586,10428.153,1.40316468762196,87.3,92.4,86.6,128.2,16287,25146,9732,-0.207344083407612,-0.401913633572504,2.37024374146786,-0.0276515313305102,0.0337588485438836,0.104430206798987,0.00356747825767905,-0.0444994349661427,0.0181701588939987,0.0492647440260031,0.0655485294208939,0.0414828096139477,-0.0355832688855428,-0.319651969147363,0.271273141804485,0.747359311846066,0.226458612363663,0.299242894852857,0.0127556593924604,0.265299280814504,-0.0260048571353278,0.109698917256424,-0.0217027364454947,0.0761501375580248,0.00356747825767905,0.0386355030493398,0.0516611124732014,0.785069413729398,0.279481741933177,0.338697338080643,0.00908065263574604,0.00212089156913799,0.0228407279368938,0.563888468741202,-0.182747179273247,0.461165353822347,0.0311760560103993,0.0105882383828463,0.00252340926781655,0.0183491386681966,-0.0764827540956453,0.0402123979410122,0.712003332558352,0.0353112378004046,0.0434639857581067,-0.231829126518178,0.282502623982097,0.00676625980688025,-0.0525534987822095,0.145467466338209,0.080306841185345,7636,0.38556234100132,0.101839723219038,2490813,31102.7852123729,-0.043234206990487,0.0301184709218933,0.417233936873102,0.417700104917581,0.732248558301743,-0.0760240298134786,0.0542594215059643,0.0463672640660522,0.0185375894020048,0.00111669470007476,0,0,13.8279370285723,13.3460040798384,14.3551014653357,-0.872991556299768,-0.311635262136945,10.4267211776768,9.16805897971958,9.25226444698258,0.338730176713335,4.46935046284556,4.52612697864764,4.46129981556839,4.85359154448657,13.4402006960976,3.44278580240279,0.0816685268514558,4.51195780426591,5.55218409050509,10.9718685785285,10.5859554922,6.88959130835447,6.76849321164863,-0.469654090341577,1.9191260651485,-0.999672340813206,10.745117796571,13.4344989889943,1.91578899356471,11.2180442071251,13.4541101810182,4.44668440651331,9.69812252257356,17.4645737095968,1.71018781553424,7.50878717063428,12.6920972508301,10.1324541171531,9.18317470390341,14.0898771211963,14.7281197211735
2001,2001,11,48565.344,683131.608306809,7.10922220688524,75563.5,692700,32,1024,0,10.7,0,0,0,0,0,6.79229576106143,1,1,0,88.4072,16369,1,42150572,5.12,1998,368819,1049657,589683.8612,1764797,0,0,0,0,0,683131.5998235,48.28705,1.11663109,92.4,145.2,33106.36146,28408.13058,3352,497,1.22558808,4.663,1.71,1333441,1337022,4.26,1.70083172890874,0,0,0,1,0,0,10.5,0,0,0,0,0,0,0,0,0,0,0,0,1,36633.19,6.815,3.033,2.358,10783,11618.919,1.57846597476677,89.3,75.4,87.7,94.5,16369,25776,9053,0.179727466709883,-0.280868558767238,2.39789527279837,0.0276515313305102,0.035269007777388,0.0921851033045062,0.00502205857079319,0.0911147885742217,0.125964036945637,0.036036973527549,-0.0586622360384918,0.0284447622349319,0.0141691743817256,-0.574071988114392,-0.564387846505458,-0.331524820995146,1.22772115324751,-0.559903185552,0.0133962559596694,0.113883446843444,0.0226510250368972,-0.203319703633728,0.0126220838097477,-0.304991709986872,0.00502205857079319,0.0247449882636282,-0.0723232304279728,0.271273141804485,0.747359311846066,0.785069413729398,-0.0217027364454947,-0.0355832688855428,0.0337588485438836,0.299242894852857,0.226458612363663,0.279481741933177,0.0414828096139477,0.00356747825767905,0.0105882383828463,-0.0276515313305102,0.461165353822347,0.0434639857581067,0.338697338080643,0.0402123979410122,0.0386355030493398,0.00252340926781655,0.0127556593924604,0.282502623982097,0.00676625980688025,0.110965178460101,0.145467466338209,8090,0.0577548252068993,0.0819887613913242,2528533,32806.8870086718,0.0533410912829382,0.0150301294596513,0.531117383716546,0.434163147666159,0.696278199374658,0.0386566570606842,-0.0503707246290334,0.0492647440260031,0.0301184709218933,-0.0260048571353278,0,0,13.8639740020999,13.2873418437999,14.3835462275706,-0.834334899239084,-0.362005986765978,10.5087099390681,9.28572609888207,9.36038999681852,0.456453473361841,4.49200148788245,4.32280727501391,4.47392189937814,4.5485998344997,13.4344427990901,3.87716340876699,0.110316196959842,4.52612697864764,4.9781121023907,10.4074807320231,10.2544306712049,8.11731246160197,6.20859002609663,0.20342079410833,1.53965901782618,0.536493370514568,10.7906654691018,13.4344428115083,1.96139284358155,11.2327286413473,13.4483522840107,4.48195341429069,9.70314458114435,17.5567588129013,1.63315443905142,7.5999019592085,12.8180612877757,10.1571991054168,9.11085147347544,14.1032733771559,14.7431498506331
2002,2002,11.2,50330.623,702220.407926491,7.16735407172454,79313.3,NA,33,1089,0,11,0,0,0,0,0,7.10922220688524,0,1,1,91.11806,16739,1,44119801,4.96,2124,396148,1078104,626031.0288,1807734,0,0,0,0,0,702220.4,69.9989,1.06106513,94.8,109,32714.72684,39222.56835,1082,143,1.50722642,5.715,0.465,1395383,1394000,3.32,1.88773040487004,0,0,0,1,0,0,11.4,0,0,0,0,0,0,0,0,1,0,0,0,1,35543.4,4.663,6.815,3.033,12790,13256.028,1.82136546526271,92.4,82.3,90.7,95.5,16739,26095,9484,0.466799016827377,-0.155999006050942,2.41591377830105,0.0180185055026782,0.0302026140157909,0.0456604290119758,0.0223520239582655,0.0611544231533308,0.0714818700122144,0.0267404986514271,0.0598133718270595,0.0240384576460806,0.0256424306133379,-0.286764220161552,-0.0119001144407658,0.322576912122942,-1.13074600219555,-1.24574539583672,0.0454061103704837,0.104257879780026,0.0341254907651848,0.0875638326691134,0.0336354577429538,0.0105264129869874,0.0223520239582655,0.0122998986607579,0.0465099737098563,-0.564387846505458,-0.331524820995146,0.271273141804485,0.0126220838097477,0.0141691743817256,0.035269007777388,-0.559903185552,1.22772115324751,0.747359311846066,0.0284447622349319,0.00502205857079319,0.00356747825767905,0.0276515313305102,0.279481741933177,0.0386355030493398,0.785069413729398,0.0434639857581067,0.0247449882636282,0.0105882383828463,0.0133962559596694,0.0127556593924604,0.282502623982097,0.104430206798987,0.110965178460101,8481,0.0471996363091627,-0.0302001750809779,2528790,33497.849467544,0.0208427786456387,0.000101634797784911,0.635375263496572,0.422348451868022,0.639784406007591,-0.0275896910953325,-0.0846180382275459,0.036036973527549,0.0150301294596513,0.0226510250368972,0,0,13.8907145007513,13.347155215627,14.4075846852167,-0.861924590334416,-0.446624024993524,10.4785097639871,9.45641889457289,9.49220767135522,0.599586475426481,4.52612697864764,4.41037110768302,4.50755735712109,4.55912624748668,13.4620025938467,4.24847952764017,0.0592732432332254,4.55176940926098,4.69134788222914,10.3955806175823,10.5770075833278,6.98656645940643,4.96284463025991,0.410271153879533,1.74309429724677,-0.765717873394781,10.826368977997,13.4620026051345,1.96953655885059,11.2811611110883,NA,4.51215602830648,9.72549660510262,17.6024192419133,1.60140574073684,7.66105638236183,12.8895431577879,10.1694990040775,9.1573614471853,14.1486794875264,14.7432514854309
2003,2003,11.9,50853.815,691411.819420127,7.35506879859966,82326.1,NA,34,1156,0,11.2,0,0,0,0,0,7.16735407172454,0,1,1,93.88727,17102,1,46223224,4.13,2240,420697,1111412,658993.2237,1876697,0,0,0,0,0,691411.8,85.12038,0.88516322,99.2,97,28717.45667,25819.30377,1702,480,1.50088521,2.921,0.561,1451922,1451922,2.33,2.02911752446227,0,0,0,1,0,0,11.3,0,0,0,1,0,0,0,0,0,0,0,0,1,35047.1,5.715,4.663,6.815,13341,14029.558,1.92953021994747,97.3,86.9,96.1,89.2,17102,26459,9854,1.25387056694487,-0.0766410097037151,2.47653840011748,0.0606246218164349,0.0299387789622644,0.0465736718180905,0.0214540896132808,0.053174762487256,0.0601249807930592,0.0304273362111102,0.0513133151037073,0.0374391895107661,0.0453686050298513,-0.116636903725761,-0.130320154399947,-0.418129884046737,0.452992849726893,1.21094147364203,0.0397192663892635,0.0722257180266302,0.0516720105443205,0.0543869245883222,0.0578319588551557,-0.0682452079007208,0.0214540896132808,0.0138526399823283,0.0382712959186128,-0.0119001144407658,0.322576912122942,-0.564387846505458,0.0336354577429538,0.0256424306133379,0.0302026140157909,-1.24574539583672,-1.13074600219555,-0.331524820995146,0.0240384576460806,0.0223520239582655,0.00502205857079319,0.0180185055026782,0.747359311846066,0.0247449882636282,0.271273141804485,0.0386355030493398,0.0122998986607579,0.00356747825767905,0.0454061103704837,0.0133962559596694,0.0127556593924604,0.0921851033045062,0.104430206798987,9677,0.131923568519241,-0.0140616138917942,2519296,39593.9406519851,0.167194850942115,-0.00376143005238205,0.707600981523202,0.480940317250362,0.689758009482551,0.129912493198834,0.0752095711943899,0.0267404986514271,0.000101634797784911,0.0341254907651848,0,0,13.9211418369624,13.3984685307307,14.4450238747274,-0.732012097135583,-0.371414453799134,10.4644481500953,9.49859727917881,9.54892166868008,0.657276563934288,4.57779898919196,4.46475803227135,4.56538931597625,4.49088103958596,13.446490873145,4.44406648986908,-0.121983221600683,4.59713801429083,4.57471097850338,10.2652604631823,10.1588776992811,7.43955930913332,6.17378610390194,0.406055074044033,1.0719260234056,-0.578034373459441,10.8367104232446,13.4464909012326,1.99538970800009,11.3184434688316,NA,4.54209480726875,9.7469506947159,17.6489929137314,1.41827740697294,7.71423114484909,12.949668138581,10.1833516440598,9.19563274310391,14.1883987539157,14.7394900553785
2004,2004,11.2,52429.832,761879.06110465,6.88164758380181,85981.3,NA,35,1225,0,11.9,0,0,0,0,0,7.35506879859966,0,1,1,96.74065,17402,1,48003100,4.1,2357,454290,1147636,720693.491,1931273,0,0,0,0,0,761879.1,92.43925,0.80486209,100.6,95,60531.67818,24760.68118,2785,780,1.42553725,2.371,0.71,1511592,1511592,2.11,2.29917161397392,0,0,0,1,1,0,11,0,0,0,0,0,0,0,0,0,0,0,0,1,36376.3,2.921,5.715,4.663,16826,17516.908,2.20848699734626,99.5,89.9,98.8,88.5,17402,26881,10641,0.640942117062366,0.131383956562932,2.41591377830105,-0.060624621816435,0.0299388791442437,0.037783236388702,0.0173897264100697,0.0509137580870459,0.0768229010378138,0.0320728954501934,0.0895006786438773,0.0286660542149511,0.0140142433748116,-0.0208340869028421,0.745661650083642,-0.0418654615524088,0.492443843228065,0.485507815781701,0.0402752041223708,0.124947908698463,0.0223586549725875,0.0339399092062285,0.0277082887775756,-0.0078784875720803,0.0173897264100697,0.0158233522662053,0.0768370003378239,-0.130320154399947,-0.418129884046737,-0.0119001144407658,0.0578319588551557,0.0453686050298513,0.0299387789622644,1.21094147364203,0.452992849726893,0.322576912122942,0.0374391895107661,0.0214540896132808,0.0223520239582655,0.0606246218164349,-0.331524820995146,0.0122998986607579,-0.564387846505458,0.0247449882636282,0.0138526399823283,0.00502205857079319,0.0397192663892635,0.0454061103704837,0.0133962559596694,0.0456604290119758,0.0921851033045062,12125,0.225517500924742,0.0372245925714765,2548548,45195.6930907256,0.132325703980946,0.0115442878149103,0.832548890221664,0.525645612368336,0.692188370230637,0.088884063081258,0.0035173047078374,0.0304273362111102,-0.00376143005238205,0.0516720105443205,0,0,13.9532147324126,13.4879692093746,14.4736899289424,-0.643128034054325,-0.367897149091297,10.5016727426668,9.73068058811076,9.77092186489698,0.792307664487312,4.60015764416455,4.49869794147758,4.59309760475382,4.48300255201388,13.5435431606634,4.52655167200243,-0.217084333010154,4.61115225766564,4.55387689160054,11.010922113266,10.1170122377287,7.93200315236138,6.65929391968364,0.354548760211218,0.863311807083268,-0.342490308946776,10.8672310212891,13.5435431096115,1.92885809766564,11.3618851097313,NA,4.57203368641299,9.76434042112597,17.6867761501201,1.41098697371026,7.76514490293613,13.0264910396188,10.199174996326,9.27246974344173,14.2286739580381,14.7510343431935
2005,2005,11.5,55913.778,802575.869816651,6.96679031887335,92563.1,NA,36,1296,0,11.2,0,0,0,0,0,6.88164758380181,0,1,1,100,17607,1,51509637,3.39,2412,483330,1188763,781243.4041,1984852,0,0,0,0,0,802575.9,100,0.80461942,100,100,41829.47446,25020.18231,10031,1064,1.34358346,2.213,2.076,1579965,1578629,2.18,2.6321356023773,0,0,0,0,0,0,9.2,0,0,0,0,0,0,0,0,0,0,0,0,1,38558.3,2.371,2.921,5.715,20273,21124.886,2.52599171772151,100,100,100,100,17607,27392,11394,1.02801366717986,0.402318821721308,2.4423470353692,0.0264332570681555,0.0331364995750996,0.0705033242215449,0.0117114081004749,0.0230666549109445,0.0619638895343316,0.0352090962263434,0.0806728278705162,0.0273649811874092,-0.00598207167754697,0.051293294387551,-0.369565612618925,0.0104258328364329,1.2814324245221,0.310496750217952,0.0442392948209911,0.135246642574331,0.00501254182354472,0.106472244510517,0.0120725812342697,0.122167633974208,0.0117114081004749,0.0188312826154213,0.0683724365986088,0.745661650083642,-0.0418654615524088,-0.130320154399947,0.0277082887775756,0.0140142433748116,0.0299388791442437,0.485507815781701,0.492443843228065,-0.418129884046737,0.0286660542149511,0.0173897264100697,0.0214540896132808,-0.060624621816435,0.322576912122942,0.0138526399823283,-0.0119001144407658,0.0122998986607579,0.0158233522662053,0.0223520239582655,0.0402752041223708,0.0397192663892635,0.0454061103704837,0.0465736718180905,0.0456604290119758,13929,0.138703560882348,0.0582539179488943,2565997,47921.1650148837,0.0585554684797103,0.00682331182873597,0.967795532795996,0.51771348425975,0.65936450497295,-0.0152052748848505,-0.0485816299817814,0.0320728954501934,0.0115442878149103,0.0223586549725875,0,0,13.9884238286389,13.5686420372451,14.5010549101298,-0.658333308939175,-0.416478779073078,10.5599266606157,9.91704523046819,9.95820705576111,0.926633745111172,4.60517018598809,4.60517018598809,4.60517018598809,4.60517018598809,13.5955817089532,4.60517018598809,-0.217385883540969,4.60517018598809,4.60517018598809,10.6413565006471,10.1274380705651,9.21343557688349,6.96979066990159,0.295340268468857,0.794349061068913,0.730442965303642,10.9315661046227,13.5955816713451,1.94115461926572,11.4356458530958,NA,4.60517018598809,9.77605182922644,17.7572794743416,1.22082992139236,7.78821155784708,13.0884549291531,10.2180062789415,9.34084218004034,14.2729132528591,14.7578576550222
2006,2006,11.3,58004.462,848136.714582734,6.83904622953824,96152.2,NA,37,1369,0,11.5,0,0,0,0,0,6.96679031887335,0,1,1,103.5155,17723,1,55896387,3.78,2475,508632,1237220,835098.3349,2036467,0,0,0,0,0,848136.7,109.5972,0.79669722,100.1,93.1,104248.0289,30802.38001,20185,924,1.42845492,2.494,3.801,1615592,1615284,3.08,2.33686774785244,0,0,0,0,0,0,8.5,0,0,0,0,0,0,0,0,0,0,0,0,1,40715,2.213,2.371,2.921,18916,19819.833,2.2303008082024,101.4,99.6,102.2,94.4,17723,28075,12033,0.915085217297356,0.0450218439514445,2.42480272571829,-0.0175443096509095,0.0345511739587612,0.0817308284211744,0.00656668082869463,0.0257841171557147,0.0510251186513782,0.0399536565585368,0.0666627260012785,0.0256720915374806,0.000999500333083149,-0.0714960017050701,0.913171731401183,0.207909168463107,0.699259456403557,-0.141078598259906,0.0222987580793538,-0.118984069404364,0.0139029051689916,-0.0040080213975391,0.0217614917815125,-0.057629112836636,0.00656668082869463,0.0246285006651762,0.0545659743978225,-0.369565612618925,0.0104258328364329,0.745661650083642,0.0120725812342697,-0.00598207167754697,0.0331364995750996,0.310496750217952,1.2814324245221,-0.0418654615524088,0.0273649811874092,0.0117114081004749,0.0173897264100697,0.0264332570681555,-0.418129884046737,0.0158233522662053,-0.130320154399947,0.0138526399823283,0.0188312826154213,0.0214540896132808,0.0442392948209911,0.0402752041223708,0.0397192663892635,0.037783236388702,0.0465736718180905,12554,-0.103933657810554,0.054425193285546,2660939,51104.7346192572,0.0643198817402304,0.0363319709619905,0.848811463391632,0.531498339291844,0.633405942421412,0.0262781031656625,-0.0401649840654337,0.0352090962263434,0.00682331182873597,0.00501254182354472,0,0,14.0283774851975,13.6353047632464,14.5267270016673,-0.632055205773513,-0.456643763138512,10.6143518539012,9.84776340376377,9.89443838201599,0.802136467945561,4.61907309115708,4.60116216459055,4.6269316777696,4.54754107315146,13.6507971046124,4.69681182674232,-0.227280571995654,4.60616968632117,4.53367418428302,11.5545282320482,10.3353472390282,9.91269503328704,6.82871207164168,0.356593384612861,0.913887847257845,1.33526419000711,10.968275217604,13.6507971218063,1.92264828178579,11.4736876316704,NA,4.63972135994685,9.78261851005514,17.8390103027628,1.3297240096315,7.81399567500279,13.1394800478045,10.2426347796066,9.39540815443816,14.2952120109384,14.7941896259842
2007,2007,10.9,58665.504,902254.907054545,6.50209863546394,98906.6,NA,38,1444,0,11.3,0,0,0,0,0,6.83904622953824,0,1,1,106.3998,17827,1,55997072,4.31,2514,532262,1280265,874085.5638,2110445,0,0,0,0,0,902254.9,119.1938,0.73048543,101.4,95.4,137051.7092,64264.41381,22047,2106,1.30292981,4.456,3.406,1642417,1642417,4.28,2.57586974589997,0,0,0,0,0,0,8.3,0,0,0,0,0,0,0,0,0,0,0,0,1,42170.5,2.494,2.213,2.371,22248,23240.911,2.46582200063945,103,108.1,105.9,98,17827,28530,12448,0.602156767414851,0.221994718753971,2.3887627892351,-0.036039936483197,0.0274823372596774,0.00179965885538694,0.00585093089672121,0.0156347141474022,0.0454110804932016,0.0342001605203178,0.0456287856841519,0.0356823820225258,0.0129034048359081,0.0244043941712197,0.273585340965736,0.735414078024182,0.0882367839099405,0.823833621052237,0.0164674844011633,0.0973757790922237,0.015655897072553,0.0818945600546097,0.0355635748377566,0.0374264055191172,0.00585093089672121,0.0160766646009014,0.0339070919800094,0.913171731401183,0.207909168463107,-0.369565612618925,0.0217614917815125,0.000999500333083149,0.0345511739587612,-0.141078598259906,0.699259456403557,0.0104258328364329,0.0256720915374806,0.00656668082869463,0.0117114081004749,-0.0175443096509095,-0.0418654615524088,0.0188312826154213,0.745661650083642,0.0158233522662053,0.0246285006651762,0.0173897264100697,0.0222987580793538,0.0442392948209911,0.0402752041223708,0.0705033242215449,0.037783236388702,13990,0.108303448782049,0.0351243495392985,2747926,57729.4197366811,0.121889770776921,0.0321673773022084,0.946187242483856,0.583676111975147,0.601955749497083,0.0936461529883119,-0.0509275790552883,0.0399536565585368,0.0363319709619905,0.0139029051689916,0,0,14.0625776457178,13.6809335489305,14.5624093836898,-0.538409052785201,-0.5075713421938,10.6494762034405,10.0100073959138,10.0536694098533,0.902525220725534,4.63472898822964,4.68305672464516,4.66249525260736,4.58496747867057,13.7126523533576,4.78075073985569,-0.314045993233276,4.61907309115708,4.55807857845424,11.828113573014,11.0707613170524,10.000931817197,7.65254569269392,0.264615428694845,1.49425150262498,1.2255385822405,10.979607166974,13.7126523611764,1.87212499178571,11.501931249459,NA,4.66720369720653,9.78846944095186,17.8408099616182,1.46093790411566,7.82963038915019,13.1848911282977,10.2587114442075,9.42931524641817,14.3116794953396,14.8263570032864
2008,2008,10.6,57192.014,920712.682820051,6.21171132614646,97669.7,NA,39,1521,0,10.9,0,1,0,0,0,6.50209863546394,0,1,1,110.7361,17988,1,42695538,4.36,2566,567470,1291681,879844.3755,2090019,0,0,0,0,0,920712.7,131.6425,0.68398234,103.4,91.9,74717.21537,76992.51327,19504,2549,1.29877822,4.83,2.67,1682556,1682559,4.63,2.86046635394516,0,0,0,0,0,0,11.3,0,0,0,0,0,0,0,0,0,0,0,0,1,41901,4.456,2.494,2.213,24994,26336.677,2.71463622326195,105.3,109.7,109.1,102.2,17988,28330,12375,0.389228317532345,0.444562203554157,2.36085400111802,-0.0279087881170766,0.0399461959412632,-0.271204985366595,0.00899070693873695,0.0204731560253891,0.064052035206529,0.00887738309631169,0.00656677586202279,-0.00972566888104099,0.0195318709172458,-0.037377549092599,-0.606647768337829,0.180702148796526,-0.122556965475929,0.190910711682195,0.024145128411413,0.104797429874921,0.0220844309102938,0.0146926426360224,0.0297696402316639,0.041964199099032,0.00899070693873695,-0.00703485138298312,-0.00588165898128154,0.273585340965736,0.735414078024182,0.913171731401183,0.0355635748377566,0.0129034048359081,0.0274823372596774,0.823833621052237,0.0882367839099405,0.207909168463107,0.0356823820225258,0.00585093089672121,0.00656668082869463,-0.036039936483197,0.0104258328364329,0.0246285006651762,-0.369565612618925,0.0188312826154213,0.0160766646009014,0.0117114081004749,0.0164674844011633,0.0222987580793538,0.0442392948209911,0.0817308284211744,0.0705033242215449,16761,0.180711970467732,-0.00641123146664846,2777692,61260.3535933399,0.0593659557064186,0.0107739217330654,1.05098467235878,0.627219635089898,0.636412862564248,0.0719505482961453,0.0556635709170683,0.0342001605203178,0.0321673773022084,0.015655897072553,0,0,14.0714550288141,13.6875003247926,14.5526837148088,-0.466458504489056,-0.451907771276732,10.6430649719739,10.1263910750457,10.178717809404,0.998657956659917,4.65681341913993,4.69774936728119,4.69226489283902,4.6269316777696,13.7329033230333,4.8800899150829,-0.379823180406346,4.63860496207433,4.52070102936164,11.2214658046762,11.2514634658489,9.87837485172105,7.84345640437612,0.261423991780416,1.57484646766448,0.982078472412158,10.9541695522361,13.7329033043739,1.82643643385033,11.4893466568693,NA,4.70714989314779,9.7974601478906,17.5696049762516,1.47247205736094,7.85010354517558,13.2489431635043,10.2516765928246,9.42343358743689,14.335824623751,14.8371309250195
2009,2009,10.4,52177.6,882231.334186764,5.92034038874241,91899.2,NA,40,1600,0,10.6,0,1,0,0,0,6.21171132614646,0,1,1,110.4172,18330,1,28913148,3.97,2625,608765,1243311,837384.184,2006952,0,0,0,0,0,882231.3,139.8715,0.71980042,104.8,83.1,13070,10407,8411,1553,1.546869256,0.71,1.368,1733383,1733383,1.23,3.06914977965529,0,0,0,0,0,0,18,0,0,0,0,0,0,0,0,0,1,0,0,1,38125,4.83,4.456,2.494,25506,27077,2.89107845206057,105.4,102.5,107.6,94.2,18330,27070,11622,0.27629986764984,0.591216506019284,2.34180580614733,-0.0190481949706944,-0.00288397433845559,-0.389797978529556,0.0188341929431535,0.0227326298501423,0.0702444302281932,-0.0381664884900254,-0.0494620794350304,-0.040556003609262,0.0134488098126127,-0.100656327500239,-1.74339099805788,-2.00122953021105,-0.841079199758615,-0.495512581227429,0.0297609245681971,0.0704159061463628,0.000949216967332142,-0.0678865687027215,-0.0138442451113411,-0.0815114961872869,0.0188341929431535,-0.0454952102162146,-0.0627784548018402,-0.606647768337829,0.180702148796526,0.273585340965736,0.0297696402316639,0.0195318709172458,0.0399461959412632,0.190910711682195,-0.122556965475929,0.735414078024182,-0.00972566888104099,0.00899070693873695,0.00585093089672121,-0.0279087881170766,0.207909168463107,0.0160766646009014,0.913171731401183,0.0246285006651762,-0.00703485138298312,0.00656668082869463,0.024145128411413,0.0164674844011633,0.0222987580793538,0.00179965885538694,0.0817308284211744,15853,-0.05569600228403,-0.0944394580641692,2635279,52966.0707894558,-0.145481338628551,-0.0526313083140586,1.12140057850514,0.576349639490396,0.585478450345312,-0.0845822849509042,-0.0834181309037932,0.00887738309631169,0.0107739217330654,0.0220844309102938,0,0,14.0332885403241,13.6380382453575,14.5121277111995,-0.55104078943996,-0.535325902180525,10.5486255139097,10.1466689975868,10.2064399380238,1.06162959931789,4.65776263610726,4.62986279857846,4.67842064772768,4.54542018158232,13.6902095455067,4.94072414397765,-0.328781299841962,4.65205377188694,4.4200447018614,9.47807480661827,9.25023393563786,9.03729565196244,7.34794382314869,0.436233053475094,-0.342490308946776,0.313349819200359,10.862408562999,13.690209584257,1.77839394534134,11.4284476031916,NA,4.70426591880934,9.81629434083375,17.179806997722,1.3787660946991,7.87283617502572,13.3191875937324,10.2061813826083,9.36065513263505,14.3655855483192,14.7844996167054
2010,2010,9.9,52728.7,940300,5.6,93744,NA,41,1681,0,10.4,0,0,0,1,1,NA,0,1,1,112.4048,18598,1,24456014,4.25,2647,629465,1239334,914063,2043064,0,0,0,0,0,940300,151.8535,0.75504352,101.7,86.1,38341,40761,9038,1464,1.498963982,2.9,1.213,1782019,1781935,0.81,3.05,1,0,0,0,0,0,20.1,0,0,0,0,0,0,0,0,0,1,0,1,1,39596,0.623,4.83,4.456,27000,28632,2.87142401361268,102,113.3,102.2,103.8,18598,26899,12520,-0.136628582232666,0.51003760311899,2.29253475714054,-0.0492710490067827,0.0178407223647725,-0.167420282712739,0.014514986204392,0.00834602720137752,0.0334379375060872,-0.00320384380518616,0.0876165304932794,0.0178334885902585,-0.0300264688324277,0.0354647095722822,1.07620029206168,1.36524708525457,0.0718975380087884,-0.0590161286274304,0.0276720008141944,-0.00625898788581921,-0.0327898228229913,0.100176369455498,-0.0514889699580801,0.0970457891494705,0.014514986204392,-0.00633699243060373,0.0744275120190388,-1.74339099805788,-2.00122953021105,-0.606647768337829,-0.0138442451113411,0.0134488098126127,-0.00288397433845559,-0.495512581227429,-0.841079199758615,0.180702148796526,-0.040556003609262,0.0188341929431535,0.00899070693873695,-0.0190481949706944,0.735414078024182,-0.00703485138298312,0.273585340965736,0.0160766646009014,-0.0454952102162146,0.00585093089672121,0.0297609245681971,0.024145128411413,0.0164674844011633,-0.271204985366595,0.00179965885538694,15768,-0.00537618701067188,0.0378578681299864,2744847,52442.0102300858,-0.00994354270171094,0.040736276962047,1.11514159061932,0.559417245157939,0.550712489522213,-0.0298188812946474,-0.0612165014327806,-0.0381664884900254,-0.0526313083140586,0.000949216967332142,0,0,14.0300846965189,13.7256547758508,14.5299611997898,-0.580859670734607,-0.596542403613306,10.5864833820397,10.2035921449865,10.2622802524459,1.05480807870939,4.62497281328427,4.73003916803396,4.6269316777696,4.64246597073179,13.7539542522652,5.02291624028771,-0.280979889010265,4.62202730305451,4.45550941143368,10.5542750986799,10.6154810208924,9.10919318997123,7.28892769452126,0.404774190813104,1.06471073699243,0.193096629961913,10.8729151783234,13.7539542522652,1.7227665977411,11.4483229417846,NA,4.72210664117411,9.83080932703814,17.0123867150093,1.44691898293633,7.8811822022271,13.3526255312385,10.1998443901777,9.43508264465409,14.3932575491334,14.8252358936674
2011,2011,10.15,56694,983000,5.76,99867,NA,42,1764,0,9.9,0,0,0,NA,0,NA,0,1,1,115.9,19210,1,20441060,NA,2783,666829,1244513,994251,2063337,1,1,1,1,1,983000,161.6,0.718,102.3,74.3,37256,29476,15876,2464,1.668,1.95,2.04,1833726,1833726,1.39,3.2,1,NA,1,NA,1,NA,21.6,0,0,NA,NA,1,0,0,0,0,0,0,1,1,43026,NA,NA,NA,NA,31456,NA,102.5,100.1,99.2,90.5,19210,26981,13444,0.200442967884829,0.598008479873987,2.3174737054878,0.024938948347252,0.0306211091715971,-0.179330533954354,0.0323769287244603,0.0501025592987897,0.0576633889762646,0.00417015017857263,0.084090193001875,0.00987393326110376,0.00588236990306675,-0.147398459709972,-0.0287068140177301,-0.324149369005543,0.563370623931731,0.520613630132153,0.02860297128574,0.0480092191863607,0.00488998529419198,-0.123869481712786,-0.0297936634787767,-0.137116120025908,0.0323769287244603,0.00304380338934895,0.0712055441909066,1.07620029206168,1.36524708525457,-1.74339099805788,-0.0514889699580801,-0.0300264688324277,0.0178407223647725,-0.0590161286274304,0.0718975380087884,-2.00122953021105,0.0178334885902585,0.014514986204392,0.0188341929431535,-0.0492710490067827,0.180702148796526,-0.0454952102162146,-0.606647768337829,-0.00703485138298312,-0.00633699243060373,0.00899070693873695,0.0276720008141944,0.0297609245681971,0.024145128411413,-0.389797978529556,-0.271204985366595,17782,0.120204139848529,0.0830764810709308,2827985,59924.791086351,0.13338230199458,0.0298391082152474,1.16315080980568,0.600045972006278,0.565297558494405,0.0701106640439167,0.0261393693474968,-0.00320384380518616,0.040736276962047,-0.0327898228229913,0,0,14.0342548466975,13.8097449688527,14.5398351330509,-0.51074900669069,-0.570403034265809,10.6695598631106,NA,10.3563450229469,NA,4.62986279857846,4.60616968632117,4.59713801429083,4.50534985070588,13.7983643991293,5.085124146087,-0.331285709933913,4.62790967295758,4.30811095172371,10.5255682846622,10.2913316518869,9.67256381390296,7.80954132465341,0.511625303936555,0.667829372575655,0.712949807856125,10.9454236640107,13.7983643991293,1.7509374747078,11.5115945797352,NA,4.75272775034571,9.8631862557626,16.8330561810549,NA,7.93128476152589,13.4102889202148,10.2028881935671,9.506288188845,14.4218605204191,14.8550750018827
