Codine,Lirmun,Pob,Sup,Dens,Extran,Porext,Mayor65,Pormayor65,CMerCA,Nivec03,Nivec04,Parreg,Cmer05,Cmer03,Telfij,Vmot,Ofban,Acind,Acomay,Acomin,Scomin,Ccom,Sccom,Acresbar,Iindus,Icomer,Iresbar,Itur,Iae,paseos,cnautic,bazul05,nviviend,porvpal,porvisec,porvivac,porhvivprop,porhvivalq,porhvivotreg,porhHdispsegviv,Poranalf,Porestprim,Porestsec,Porestuniv,Nhot05,nhcatsup,porhcatsup,Ing01,Ing02,Ing03,Ing04,Ing05,Ing06,Ing07,Ing08,Ing09,IngTot,Gas01,Gas02,Gas03,Gas04,Gas06,Gas07,Gas08,Gas09,TotGas,LIngporhab,LGasporhab,Portasas,Porinver,RivCom,RivRes
"03014","03014 Alicante/Alacant",319380,201.27,1586.82,35588,0.111428392510489,50042,0.156684826852026,0.0922296438425347,5,4,4.2,695,697,119058,189820,281,3344,1469,6565,774228,6,168172,2479,553,907,1012,693,994,4,0,3,153377,67.9,17.9,13.3,84.5,11.5,4,5.1,11.3,21,52.1,15.8,33,7,21.2121212121212,99646608.35,17195546.26,29653583.58,47757557.19,4599157.45,17850000,24282542.1,750000,17022336,258757330.93,72598169.75,73361065.67,4286847,29707201.21,50431762.07,9099949.23,2250000,17022336,258757330.93,6.69726433884427,6.69726433884427,11.4599974707662,19.4899838735943,48.6488956587966,128.83420734167
"03031","03031 Benidorm",67492,38.51,1752.58,17115,0.253585610146388,9847,0.145898773187933,0.0922296438425347,6,5,3.3,168,167,34756,44217,69,1014,125,2529,170181,2,47737,1351,58,164,373,2882,183,3,1,3,51427,41.3,32.2,15.5,73,21.1,6,2.2,12.7,23.7,55.7,8,128,25,19.53125,34612000,1300000,35160666.23,14279682.3,1851699.13,0,991500,219000,10460458.67,98875006.33,29452608.53,32264805.9,2850000,8832187.48,20356404.42,0,219000,4900000,98875006.33,7.28960269675409,7.28960269675409,35.5607221026612,20.5880183229112,26.6872281534203,49.9570688378979
"03047","03047 Calpe/Calp",25190,23.51,1071.46,14765,0.586145295752283,6728,0.26709011512505,0.0922296438425347,6,5,2,57,54,12589,14094,20,609,59,626,78441,1,8000,384,26,41,69,104,38,5,1,3,18155,42,55.8,2,76.7,18.3,5.1,4.4,6.1,19.5,66.9,7.4,8,2,25,12701470.96,3768477.17,9546191.32,4846871.63,1003589.71,1186071,0,0,0,33052671.79,12955491.55,10893199.86,902226.89,1462778.61,3792365.15,172458.68,18031,186433.11,30382984.85,7.17941059249507,7.09519093145273,28.8817538886166,12.481871576222,40.2396166134185,65.5989583333333
"03063","unknown",40601,66.19,613.4,11217,0.276273983399424,6184,0.152311519420704,0.0922296438425347,5,5,3.4,101,98,24026,28048,34,1335,116,1220,172726,0,0,510,63,85,125,181,91,1,2,4,34055,36.3,52.9,10.3,83,12.3,4.7,7.8,9.3,22.1,56.3,12.4,15,5,33.3333333333333,17116301.01,3800000,13708369.37,7916270.58,583230.41,2966054.55,1391471.5,0,4590089.05,52071786.47,15538963.12,16441950.81,770080.97,2818714.1,13536190.77,126250.7,95016,2744620,52071786.47,7.15658585772928,7.15658585772928,26.3259056377829,25.9952494193733,33.2795081967213,79.6098039215686
"03065","03065 Elche/Elx",215137,326.07,659.79,18666,0.0867633182576684,27441,0.127551281276582,0.0922296438425347,4,4,7.7,457,455,60826,131553,145,4146,1491,4116,518667,2,52394,1322,506,647,593,145,460,0,0,3,90314,71.1,15.6,12.6,89.3,6.4,4.3,7.6,19,25.8,47.6,7.6,8,1,12.5,57125000,12050000,26752008.08,37485951.68,741000,1823333,4520197.75,300000,18881343,159678833.51,50100704.03,44279100.43,3650768.38,15129086.94,26590214.61,747616.12,300000,18881343,159678833.51,6.60964475184742,6.60964475184742,16.7536344623438,16.6523101562705,52.2684645286686,162.736006051437
"03082","unknown",28242,68.59,411.75,14465,0.51218044047872,5795,0.205190850506338,0.0922296438425347,6,5,1.6,72,74,17177,19922,28,951,84,747,87287,0,0,403,40,52,85,74,59,3,0,3,19801,37.1,53.6,6.9,79.3,15.3,5.5,9.9,6.6,18.8,62.6,12,9,3,33.3333333333333,12309000,1400000,5880292.62,5100000,541255.45,0,220202.42,0,7969573.94,33420324.43,11515990.66,10467848.04,355325.8,1285932.34,8197614.59,197613,0,1400000,33420324.43,7.07610927811529,7.07610927811529,17.5949597147582,24.5288300751544,37.8072289156626,70.0794044665012
"03121","03121 Santa Pola",25494,58.16,438.34,4700,0.184357103632227,3865,0.151604299050757,0.0922296438425347,5,5,3.6,59,52,13541,12748,23,389,68,715,61874,1,7500,277,19,42,69,50,33,4,0,3,33381,22.1,53.3,24.4,85.2,8.4,6.3,3.9,18.6,23.7,48.9,8.7,4,0,0,10600126,2150000,5571952,4746004,696880,220000,4364308,202000,3045067,31596337,11906455,6940991,386721,1915893,8584767,96810,202000,1562700,31596337,7.12235334477378,7.12235334477378,17.6348036799329,27.1701336772044,35.6559440559441,92.0361010830325
"03011","unknown",16843,19.26,874.51,8571,0.508876090957668,3199,0.189930534940331,0.0922296438425347,6,5,2.2,43,40,10134,12078,21,427,54,423,69132,0,0,250,16,35,48,129,30,0,0,1,10160,46.2,21.6,26.3,78,16.6,5.3,1.7,4.9,19.9,62.4,12.8,7,2,28.5714285714286,4941355,836000,6464670.83,3253908.62,133099.53,0,2931516.67,0,1267244.31,19827794.96,6261585.55,4558251.48,201393.58,350052.73,7459463.47,12601,0,984447.15,19827794.96,7.07090487793873,7.07090487793873,32.6040835253826,37.6212457565175,39.8179669030733,67.372
"03018","03018 Altea",21154,34.43,614.41,6541,0.309208660300652,3434,0.162333364848256,0.0922296438425347,7,6,2.3,58,55,12931,16259,23,716,88,835,84968,0,0,295,30,52,58,79,46,1,1,1,12173,48.2,17.2,31.9,79.7,14.3,6,4.8,11.1,20.8,55.1,13,6,2,33.3333333333333,7736291.1,1925000,22456382.78,3931738.9,5158538.02,5907924,6415467,308401,8512920,62352662.79,7925963.05,20000572.05,387985.92,2606549.13,23845390.35,248461.21,24600,371608.81,55411130.52,7.98873264442753,7.87070675156278,36.0151143113675,43.0335748905056,25.3341317365269,71.7084745762712
"03050","03050 Campello (el)",23640,55.27,427.72,4058,0.17165820642978,3410,0.14424703891709,0.0922296438425347,6,5,3,54,51,13630,13951,20,334,55,454,44600,0,0,261,15,29,60,32,26,2,2,2,18883,38.3,52.4,4.1,86.6,8,5.3,4.5,14.6,16.8,53.1,15.3,5,1,20,7479400,3173812.5,3211950,3717000,51800,0,186037.5,0,3000000,20820000,8143070.84,7052955.18,511616.92,1093970.33,3081352.35,104685.15,0,832349.23,20820000,6.78072914963106,6.78072914963106,15.4272334293948,14.7999632564841,52.0704845814978,90.5747126436782
"03069","03069 Finestrat",3797,42.25,89.87,1494,0.393468527785094,543,0.143007637608638,0.0922296438425347,7,6,2.3,12,10,2524,2900,6,226,70,192,45957,0,0,96,13,30,15,36,17,1,0,1,3290,30.6,29.2,37.1,70,22.7,7.3,4.4,7.5,22.1,57.4,12.9,4,0,0,3034000,1315000,4982910.13,843950.16,464740.36,2150054,10966216.12,0,0,23756870.77,4336750.49,3836826.47,37002.8,790056.18,14736270.12,0,0,19964.71,23756870.77,8.74141578195417,8.74141578195417,20.9746063706857,62.0295082743341,19.7760416666667,39.5520833333333
"03076","03076 Guardamar del Segura",13122,35.58,368.8,3823,0.29134278311233,2365,0.180231672001219,0.0922296438425347,5,5,2,31,28,6681,7617,9,344,26,379,43495,0,0,196,23,18,38,81,44,1,0,3,15182,23.8,15.5,60.7,84.6,10.7,4.7,6.2,20.3,23.9,47.7,8,10,1,10,5852901,2500000,4697921.34,2680208.91,377723.71,1,177510.48,60000,1850397.72,18196664.16,6695309.14,6860045.24,315299.8,455965.91,2665031.97,47224.14,93000,827276.52,17959152.72,7.23470335743083,7.22156495387414,25.8174866486078,14.8394081366217,34.622691292876,66.9489795918367
"03099","03099 Orihuela",75009,365.44,205.26,24324,0.324281086269648,13044,0.173899132104148,0.0922296438425347,4,4,2.8,173,158,30308,47598,84,1477,318,1304,183619,1,10800,551,128,166,187,107,142,10,2,5,47643,39.6,18,9.8,91,5.2,3.8,4.6,19.9,27.3,44.2,8.6,5,3,60,18649000,7201925,9953160.16,13168600,753000,90000,6373914.84,300,100,56190000,18662137.01,26310791.64,815000,2138850.12,5043952.46,619068.77,200,2600000,56190000,6.61888597776936,6.61888597776936,17.7134012457733,8.97660163730201,57.5222392638037,136.132486388385
"03902","03902 Pilar de la Horadada",18051,77.91,231.69,7389,0.40934020275885,2776,0.153786493823057,0.0922296438425347,5,4,1,41,36,7005,10447,17,422,32,382,50211,0,0,150,18,26,36,3,22,3,0,3,14357,32,44,22.3,86.3,9.6,4.1,2.6,25.1,28.5,41,5.5,2,0,0,2004275.55,150000,768340.76,1556673.69,12000,786843.62,987419.6,0.01,761000,7026553.23,1864032.5,2180942.38,46940.12,186891.07,2591813.23,0,0.01,155933.92,7026553.23,5.96425048521241,5.96425048521241,10.9348173257915,36.8859830013698,47.2539267015707,120.34
"03128","03128 Teulada",11983,32.24,371.68,7234,0.603688558791621,3085,0.257448051406159,0.0922296438425347,6,6,1.3,36,36,8550,10029,19,609,34,456,65099,0,0,219,23,23,37,52,25,2,0,3,10375,36.6,57.4,4.2,83.2,11.1,5.7,9,8.7,17.4,63.1,10.8,5,0,0,4812634.71,1400000,3357180.69,2310948.38,719335.8,3150426.15,2464124.85,0,1734256,19948906.58,4989634.38,5269030.68,120115.19,666693.55,8394618.73,141536.37,0,367277.68,19948906.58,7.41744063409557,7.41744063409557,16.8288957419139,42.0805957275679,26.2785087719298,54.7168949771689
"03133","03133 Torrevieja",84348,71.44,1180.68,40188,0.476454687722293,16631,0.197171242945891,0.0922296438425347,5,5,2.9,181,168,41783,42699,61,1438,153,1668,198896,2,32704,840,108,140,230,78,149,6,1,4,96872,22.4,61.6,15.8,82.1,14.4,3.5,3.1,11.9,27.8,53,7.2,13,0,0,35882154.85,10322447.84,9387950.33,16314265.07,463929.41,1941779.23,25200,162273.27,9000000,83500000,23910617.88,28248420.67,2109457.49,8759511.71,13000624.5,1454634.98,162273.27,5854459.5,83500000,6.89765081285718,6.89765081285718,11.2430542874251,15.5696101796407,50.568345323741,100.414285714286
"03139","03139 Villajoyosa/Vila Joiosa (la)",27983,59.25,472.29,4229,0.151127470249795,4397,0.157131115320016,0.0922296438425347,5,4,4.1,62,60,12281,16009,23,434,78,613,66628,0,0,205,27,43,55,83,58,1,0,2,14025,59.3,32.9,7.4,78.8,16.8,4.4,8.5,13,29.6,48.5,8.9,2,1,50,6722000,2783000,24730925,7795965.76,217100,15142582,232613.4,24040,0,57648226.16,16494574.75,12158410.72,475001,4372078.06,19326993.47,3223545,41500,937417,57029520,7.6305175731676,7.61972712456013,42.8997154766921,33.8894549173831,45.6492659053834,136.50243902439
"04013","unknown",181702,296.21,613.42,14120,0.0777096564704846,24155,0.132937447028651,0.144417876666714,6,5,5.1,404,405,60663,105920,185,1886,543,4009,335359,2,52083,1015,167,416,419,161,332,7,1,3,77437,70.1,14.4,10.9,83,8.2,8.8,5.7,16.2,19.6,47.8,16.1,16,6,37.5,42079560,8711967,26748799.47,34392209.9,9514956.05,81757165.64,7025128.56,240404.84,6722914.05,217193105.61,43419320.95,53924658.22,2430765.3,11110788.7,91773623.25,4101485,315604.84,5716859.25,212793105.51,7.08617414191486,7.0657076545094,12.3156761329391,43.1280999588998,45.3235220753305,179.016748768473
"04064","unknown",6092,71.54,85.16,3229,0.530039395929087,1019,0.167268548916612,0.144417876666714,7,7,1.7,19,17,3713,5103,11,210,12,273,20701,1,12384,170,8,11,21,257,19,1,0,2,5725,31.7,50.3,17.6,77.1,18.2,4.7,3.1,4.7,15.7,64.6,14.9,12,5,41.6666666666667,3093667.51,1202424.2,1434133,893399.88,132315.93,0,6226951.44,0,0,12982891.96,3441950.03,2949018.55,96044.82,221369.49,4647836.44,702379.66,0,480226.04,12538825.03,7.66441133164132,7.62960867699694,11.0463293110544,37.0675595909484,22.3150183150183,35.8352941176471
"04079","04079 Roquetas de Mar",65886,59.65,1104.54,16468,0.249946877940685,4268,0.0647785569013144,0.144417876666714,6,5,4.1,149,130,27146,36887,61,732,200,1382,189965,1,53000,613,63,137,181,895,121,5,5,5,28446,55.6,22.7,18.6,83,13.4,3.5,1.9,18.8,20.1,48,13.1,16,12,75,24465500,10275000,34671894.02,13227506,15313717,26380000,2762982,180000,5523250,132799849.02,25090360,22411490,1255000,3283541,69786864.31,4724669,180000,3825000,130556924.31,7.6086724032826,7.59163863640218,26.1083836132813,53.4532080001326,47.6743849493488,107.481239804241
"04003","04003 Adra",23195,90.05,257.58,1771,0.0763526622116835,2742,0.118215132571675,0.144417876666714,5,4,5.7,53,52,6574,12891,21,276,85,530,53191,0,0,133,11,41,34,21,24,3,2,3,9170,73.9,7.8,18.2,88.9,5.7,5.5,2.8,29.3,29,34.6,7,0,0,0,4650000,1085689,5714410.58,5261700,1525000,1540000,791494.4,30000,3202830.81,23801124.79,5918600,6587699,349000,957592,7634402.98,1373830.81,30000,950000,23801124.79,6.93355138042317,6.93355138042317,24.0089938203294,32.0758075400184,43.7641509433962,174.398496240602
"04032","04032 Carboneras",7267,95.46,76.13,719,0.0989404155772671,692,0.0952249896793725,0.144417876666714,5,5,2.9,17,16,2416,4161,8,169,12,155,14365,0,0,50,175,7,10,11,116,2,0,2,3127,69.9,8.7,21.4,79.4,11.7,8.9,5.4,19.6,26.2,46.7,7.4,1,0,0,3453458.71,450601.01,3747263.21,1278465.72,1509315.18,0,1975126.49,12020.36,0,12426250.68,2888276.17,3704672.64,312500,589045.26,3742958.71,500000,35000,653045.78,12425498.56,7.44422295261472,7.44416242407864,30.1560245845612,30.123207466695,46.8838709677419,145.34
"04902","04902 Ejido (El)",68828,225.83,304.78,17315,0.251569128842913,4822,0.0700586970419016,0.144417876666714,5,4,5.6,162,151,19832,44563,58,775,459,1721,219854,1,31837,625,98,225,227,192,130,3,2,2,23685,78.6,5.2,16.1,77.2,9.2,13.6,5.8,27.1,25.9,41.3,5.8,5,2,40,22800000,4500000,10373600,12575000,2295000,42012250,5460000,110000,1000000,101125850,12450700,30006700,2900000,2486200,45865500,2606750,110000,4700000,101125850,7.29251042087337,7.29251042087337,10.2581090789348,45.3548721716554,39.9930273097037,110.1248
"04049","04049 Garrucha",7037,7.68,916.28,1352,0.192127326985932,737,0.104732130169106,0.144417876666714,6,6,2.4,18,16,3422,3657,10,160,17,207,19547,0,0,68,7,10,13,6,11,1,1,1,3313,54.1,35.8,10.1,78.6,13,8.5,2.7,20.2,27.3,45,7.6,1,0,0,1422212,2807000,5730899.95,1160645.98,458276.55,0,1547717,0,1,13126752.48,1234085.04,2586680.24,42600,163102,8726699,218762.39,0,154823.81,13126752.48,7.53122565784782,7.53122565784782,43.6581702803617,66.4802586420065,33.9951690821256,103.485294117647
"04066","unknown",24435,599.77,40.74,7744,0.316922447309188,2182,0.0892981379169224,0.144417876666714,5,4,2.6,57,52,6276,14880,25,399,102,573,58064,0,0,206,30,42,48,57,29,2,1,2,8526,69.7,12.1,14.8,78,13.1,8.9,2.8,27.9,32.6,35.7,3.9,2,0,0,4763000,1153000,3323000,4194000,114500,3278964,903000,0,1100000,18829464,5812492,4241096,300000,1493709,4263838,1100000,0,1300000,18511135,6.64716162530886,6.63011119117192,17.6478735666613,23.0339090498773,42.6439790575916,118.616504854369
"04100","04100 Vera",10439,58.03,179.89,2160,0.206916371299933,1083,0.103745569498994,0.144417876666714,6,5,2.6,28,23,3579,6916,18,273,42,353,51545,0,0,106,15,23,19,102,27,1,1,2,5424,43.8,44.5,9.4,84.8,10.4,4.8,4.7,12.3,30.5,46.1,11,4,2,50,3542618,5000220,1113612,2306769.45,58000,6978000,3771839.45,6000,400000,23177058.9,4814884.34,4637400,74000,651068.67,11577014.46,853371.43,124320,445000,23177058.9,7.70536943548568,7.70536943548568,4.80480290793065,49.9503172941412,29.5722379603399,98.4811320754717
"18140","18140 Motril",56605,109.77,515.67,4138,0.0731030827665401,6882,0.121579365780408,0.144417876666714,3,3,4.8,122,119,20384,28647,39,592,220,1287,125760,1,10078,419,68,129,142,136,95,3,1,2,28567,57.4,30.6,11.1,83.6,8.7,7.7,4.8,17.5,24.6,46.9,11,4,1,25,15425001,6489854.39,11855599.8,17086238.7,25334.49,14513764.54,0,90151.82,1805671.62,67291616.36,17857948.64,14723417.49,1425115.81,4101301.18,16119430.16,472966.05,90151.82,4567967.63,59358298.78,7.08069361616927,6.95524989753392,17.6182419761985,27.1561525368905,43.982128982129,135.095465393795
"07011","unknown",43499,145.02,299.95,11675,0.268396974643095,3932,0.0903928825950022,0.173479415666111,10,10,2.4,131,129,35918,39269,75,1185,110,1804,134552,1,6140,844,52,103,239,2198,148,4,2,8,34171,42.3,43.1,10.6,70.8,23.1,6.1,1.4,6.1,20.6,62.2,11.2,118,39,33.0508474576271,31154550,2101800,24223208,17931405,2506390,12170001,948956,240000,10000000,101276310,21289165,26495603,3400000,22428241,9713301,3100000,240000,14610000,101276310,7.75286985374034,7.75286985374034,23.9179409281401,9.59089149278839,24.1125277161863,51.5390995260664
"07015","07015 Ciutadella de Menorca",26972,186.34,144.75,2679,0.0993252261604627,3451,0.127947501112265,0.173479415666111,7,8,1.9,66,64,13328,18053,26,745,113,818,76617,0,0,264,40,55,59,708,50,0,0,4,12325,67.2,25.1,6.4,78.4,15.5,6.1,8.5,10.5,27.5,52.3,9.7,19,3,15.7894736842105,8430000,1806000,5425000,5430000,1225000,1971000,652000,0,3131000,28070000,8466000,8615000,460000,2639000,4733000,1347000,0,1810000,28070000,6.94765737848359,6.94765737848359,19.3266832917706,16.8614178838618,32.9731051344743,102.166666666667
"07026","07026 Eivissa",42797,11.14,3841.74,8572,0.200294413159801,4167,0.0973666378484473,0.173479415666111,8,8,3.6,118,113,23999,32379,51,736,133,1859,158508,0,0,508,49,109,127,406,91,2,0,0,18999,63.8,11.7,20.6,61.8,33.3,4.9,2,11.8,20.1,56.8,11.5,21,6,28.5714285714286,12870161,1300000,6772305.35,10104460.63,826002,0,4377070.02,1,2750000,39000000,11450830.31,13605939.83,383000,3180082.81,7129630,478877.69,1,2771638.36,39000000,6.81484891843864,6.81484891843864,17.3648855128205,18.2811025641026,23.0215169445939,84.246062992126
"07024","07024 Formentera",7506,83.24,90.17,1817,0.242073008260059,946,0.126032507327471,0.173479415666111,7,7,2,21,21,3802,7584,8,155,28,234,19820,0,0,144,6,15,21,188,13,0,2,0,5113,42.5,2.6,50,64.7,24.4,10.9,2.5,17.1,17.9,54.5,10.7,6,2,33.3333333333333,1661650,510000,3259160.01,2635548.06,9000,300000,1198889.91,1536.28,758215.74,10334000,2902300,3774869.22,70200,281011,2936020,17065,0,352534.78,10334000,7.2274920081343,7.2274920081343,31.5382234371976,28.4112637894329,32.0769230769231,52.125
"07032","unknown",27669,117.2,236.08,4077,0.147349018757454,4096,0.14803570783187,0.173479415666111,8,8,2.2,77,77,16029,23630,39,806,160,977,100583,0,0,268,57,82,62,55,165,0,0,0,11881,71.8,20.2,7.5,68.8,26.4,4.8,6.4,12.1,23.3,53.1,11.6,3,1,33.3333333333333,10064000,1446000,5297536.98,5822000,356000,6389253.33,2170959.31,1000,3000000,34546749.62,9730010.53,9854150.5,637866.36,2517000,9380722.23,1106000,1000,1320000,34546749.62,7.12975609427981,7.12975609427981,15.3344005970771,27.1537042795171,28.3203684749232,103.242537313433
"07040","07040 Palma de Mallorca",375773,208.63,1801.15,54423,0.144829458210143,50891,0.135430166616548,0.173479415666111,8,8,3.5,890,895,156434,281783,437,6781,1705,7810,1180970,5,111768,3256,572,1072,1317,3022,986,4,2,2,157183,77.1,7.3,13.4,73.5,22.3,4.2,2.4,9.8,18.5,58.4,13.3,142,39,27.4647887323944,110687214,25852806.5,68482663.36,88581212.7,6878045.47,2104465,6302767.57,1032454.57,5830575.3,315752204.47,100427739.07,116845744.14,3458682.05,60004254.22,27012119.49,6904416.42,1032454.57,66794.51,315752204.47,6.73372778421146,6.73372778421146,21.6887364175177,8.55484747456971,48.1143405889885,115.409398034398
"07046","07046 Sant Antoni de Portmany",18366,126.8,144.84,3260,0.177501905695307,2202,0.119895459000327,0.173479415666111,7,7,3.5,48,46,9574,15939,16,420,77,556,41091,0,0,251,18,38,53,300,29,0,0,3,8886,58.3,19.6,15.6,64.2,22.7,13.1,2.8,16.4,27.2,50,6.4,21,0,0,5291389.65,397269,4215976.46,3794619,30051.61,0,4460000,0,400000,18589305.72,4102043.67,7418897.94,72005.06,366645.44,6199663.6,30050.01,0,400000,18589305.72,6.91984060386601,6.91984060386601,22.6795799881008,33.3507000927413,33.0323741007194,73.1713147410359
"07063","07063 Valldemosa",1910,42.93,44.49,257,0.13455497382199,351,0.183769633507853,0.173479415666111,10,9,1.4,5,5,1267,1523,4,45,3,63,4403,0,0,20,2,2,3,10,3,0,0,0,1342,50.8,41.2,7.6,73.5,14.4,12,6.2,4.1,20.3,53.4,22.2,0,0,0,507574.94,170680.49,648861.31,490338.19,252600,0,360875.2,0,0,2430930.13,848500,927357.15,26000,137875,358197.98,11000,0,122000,2430930.13,7.14892599058581,7.14892599058581,26.6918946781905,14.7350174971915,30.3174603174603,95.5
"07002","07002 Alaior",8671,109.86,78.93,1316,0.151770268711798,1217,0.14035290047284,0.173479415666111,8,8,1.7,23,23,4534,7325,9,343,48,294,25733,0,0,96,21,18,19,155,19,0,0,1,4369,60.5,30.1,9,79.9,15,5.1,6.7,8.9,28,56,7.1,5,0,0,2395000,373000,1279295,1897400,940700,182200,673287,20000,802713,8563595,2811720,2427100,235000,727760,1630200,28000,20000,683815,8563595,6.89529123321078,6.89529123321078,14.9387611160967,19.0363976811141,29.4931972789116,90.3229166666667
"07005","07005 Andratx",9906,81.46,121.61,2701,0.272663032505552,1491,0.150514839491217,0.173479415666111,10,10,2,28,27,7906,8228,17,464,22,264,27196,0,0,138,17,14,22,162,20,0,0,1,8430,35.9,53,5,70.4,22.7,7,4.7,8.7,24.9,57.9,8.5,8,5,62.5,4445110,1381000,4189852,1950755,215826,1280006,1048426.29,10920.07,1000000,15521895.36,4188246.29,5337708,81006,1220545.17,4200986.5,249142,25000,219261.4,15521895.36,7.35686627582601,7.35686627582601,26.9931725657504,27.0649067176806,37.5227272727273,71.7826086956522
"07013","07013 Campos",8122,149.69,54.26,1238,0.152425510957892,1568,0.193055897562177,0.173479415666111,7,8,1.5,21,20,4234,6965,8,396,39,185,17591,0,0,92,16,13,19,12,14,1,0,3,4413,53.1,35.5,11,73.9,17.5,8.6,8.5,20.5,22.5,50.7,6.2,1,0,0,2254400,1310600,1732200,1687601,752600,600000,1121608,0,0,9459009,2378330,3520921,88000,464112,2527646,0,0,480000,9459009,7.0601464704234,7.0601464704234,18.3127006222322,26.7221016493377,43.9027027027027,88.2826086956522
"07014","07014 Capdepera",10245,54.92,186.54,2324,0.226842362127867,1275,0.124450951683748,0.173479415666111,7,8,1.6,28,27,6687,8765,14,303,32,254,22770,0,0,188,12,16,27,456,21,2,0,2,5430,58.3,24.1,17.1,71.3,22.5,6.1,2.6,21.8,26,48.2,4,39,10,25.6410256410256,4143500,640000,3394278.05,1952658.62,654000,0,926688.61,22000,370000,12103125.28,3957261.36,5148920,168600,764868.53,1423794.66,200000,39680.73,400000,12103125.28,7.07442920414677,7.07442920414677,28.0446411276014,11.7638595574382,40.3346456692913,54.4946808510638
"07022","07022 Felanitx",16566,169.79,97.57,2332,0.140770252324037,2943,0.17765302426657,0.173479415666111,7,8,3,43,43,8003,14682,18,590,49,354,39419,0,0,151,28,26,37,143,27,0,0,3,10917,50.3,36.9,10.5,75.7,16.4,7.8,13.7,13.1,33,48.1,5.8,12,3,25,4329000,1200000,6192360,3704400,310020,0,504108,0,1073112,17313000,5171908,5307326,248950,703425,4623390,0,0,1258000,17312999,6.951860541203,6.95186048344294,35.7671114191648,26.7047320917653,46.7966101694915,109.708609271523
"07023","07023 Ferreries",4416,66.09,66.82,215,0.0486865942028986,464,0.105072463768116,0.173479415666111,6,7,1.1,11,11,2016,2942,5,139,10,125,18492,0,0,37,8,7,8,34,7,1,0,1,1771,72.3,14.3,13.2,88.7,7.8,3.4,6.4,12.3,18.5,62.6,6.6,1,1,100,773000,150000,1086210,865601,945365,250000,902001,81100,0,5053277,1380160.48,868865,36757.83,781372.37,1714035.23,0,81100,190986.09,5053277,7.04255791373407,7.04255791373407,21.4951604671582,33.9192810922496,35.328,119.351351351351
"07033","07033 Manacor",35908,260.31,137.94,5108,0.142252422858416,5623,0.156594630722959,0.173479415666111,6,8,2.9,91,93,15815,30828,39,1313,163,879,140653,0,0,328,70,78,81,467,72,2,4,8,22318,50.7,32.7,15.5,79.7,16.5,3.8,14.6,21.5,30.3,43.9,4.3,21,1,4.76190476190476,10462933.94,1234332.7,6742998.9,6731386.52,350006,0,4911838.33,60001,1806195.68,32299693.07,10508174.63,10067789.3,481838.14,1904120.77,7074783.55,396791,60000,1806195.68,32299693.07,6.80185289479438,6.80185289479438,20.8763559622271,21.9035627820596,40.8509670079636,109.475609756098
"07039","07039 Muro",6610,58.61,112.78,859,0.129954614220877,1317,0.199243570347958,0.173479415666111,6,7,1.6,18,19,2999,5834,8,260,28,189,19248,0,0,78,12,12,13,569,18,0,0,1,3500,67.2,4.2,22.9,80.6,10.4,8.9,5.9,28.5,26.1,38.9,6.5,10,6,60,2738275,225000,2495636,1416350,1806004.43,0,674555.49,0,2269000.12,11624821.04,2788351.13,3630163.2,30600,451202.47,3211654.92,1512849.31,0,0,11624821.04,7.47231418206486,7.47231418206486,21.4681670488753,27.6275644067894,34.973544973545,84.7435897435897
"07050","07050 Sant Joan de Labritja",4838,121.66,39.77,1300,0.268706076891277,922,0.190574617610583,0.173479415666111,7,7,2.2,13,13,2400,4507,7,123,20,91,4679,0,0,60,5,5,9,132,6,1,3,2,3411,46.9,26.8,3.1,70.9,20.3,8.8,1.4,24.9,15.4,47,12.9,9,1,11.1111111111111,1490400,201200,994201.34,813000,36100,60000,904498.66,0,600,4500000,851700,1629428.34,52000,515100,1102771.66,12000,0,337000,4500000,6.83533126357058,6.83533126357058,22.0933631111111,24.5060368888889,53.1648351648352,80.6333333333333
"07048","07048 Sant Josep de sa Talaia",18382,159.38,115.33,3672,0.1997606354042,1828,0.0994451093460994,0.173479415666111,8,8,2.5,46,45,10059,17574,9,516,105,356,41168,0,0,295,25,36,60,600,43,1,0,6,9827,50.4,33.7,14.4,74.4,17.2,8.5,1.5,14.6,18.1,58.4,9,25,4,16,5863380,1675000,4393539.65,3094832.96,18000,0,5053261.42,0,279000,20377014.03,3935534.28,8046141.12,50000,476240,7560098.63,30000,0,279000,20377014.03,7.01079085638615,7.01079085638615,21.561253496374,37.1011111778677,51.6348314606742,62.3118644067797
"07051","unknown",7498,82.08,91.35,1986,0.264870632168578,1280,0.170712189917311,0.173479415666111,7,8,1.3,22,21,4833,6355,14,280,19,262,27408,0,0,170,13,16,24,735,21,3,2,2,5288,51.9,0,47.7,78.8,13,8.3,2.1,10.1,24.7,60.7,4.4,33,16,48.4848484848485,4992000,481700,3923660,2149935.93,298200,0,334134.89,0,203286.76,12382917.58,3914871.64,6141755.55,364760.15,298086.18,1211373.58,80325.48,0,371745,12382917.58,7.40943686898001,7.40943686898001,31.6860705455814,9.78261845137792,28.618320610687,44.1058823529412
"07054","unknown",26724,153.58,174.01,5596,0.209399790450531,2965,0.110948959736566,0.173479415666111,8,8,2.7,73,71,14898,24510,25,743,158,874,83717,0,0,318,36,67,70,639,53,2,0,2,15212,47.1,27.8,24.5,67.4,26.9,5.7,3.4,13.6,20.6,56.9,8.9,22,2,9.09090909090909,7700821.15,1090270.38,5877600.33,4479127.75,86650,200,2530020,12380,0,21777069.61,4984903.32,8732940.72,76811,953577.2,6237685.55,388000,87000,316151.82,21777069.61,6.70305080437632,6.70305080437632,26.9898587608914,28.643365070274,30.5766590389016,84.0377358490566
"07055","07055 Santa Margalida",9719,86.51,112.35,2027,0.208560551497068,1319,0.135713550776829,0.173479415666111,6,8,1.6,25,25,4920,7451,13,312,37,266,23633,0,0,116,13,16,20,418,18,1,6,1,6211,50.5,26.9,10.9,76.9,19.5,3.6,6.2,16.8,28.8,49.5,5.1,23,1,4.34782608695652,4617800,375000,2716296,1848761,773726,6,3077312.65,0,1019946,14428847.65,3806838.03,4537827,185900,348538.52,3820216.1,709582,0,1019946,14428847.65,7.30290205812291,7.30290205812291,18.8254534657866,26.4762383848443,36.5375939849624,83.7844827586207
"07062","07062 Son Servera",10766,42.56,252.96,1949,0.181032881292959,1161,0.107839494705555,0.173479415666111,6,8,1.5,28,28,5721,8384,12,255,16,298,33871,0,0,133,10,20,19,339,17,1,1,3,7072,49.3,24.7,12.7,67.1,28.1,4.9,2.3,22.4,31.8,42,3.7,22,3,13.6363636363636,4095229.83,650000,3715448,2109137.63,236365.61,0,941376.34,9000.01,620000,12376557.42,3957892.87,4544684.72,240720.2,481009.44,2193250.18,330000,11200,617800.01,12376557.42,7.04716641150062,7.04716641150062,30.0200441359888,17.7210035518908,36.1275167785235,80.9473684210526
"08006","08006 Arenys de Mar",13860,6.45,2148.84,1308,0.0943722943722944,2424,0.174891774891775,0.252557388766006,6,7,4,32,32,7510,8222,15,277,43,275,20290,0,0,111,15,20,24,18,19,2,0,0,7374,62.7,29.1,6.5,77.5,17.2,5.3,1,10.3,22.1,54,13.5,5,0,0,4858630.33,410701,2498992.25,2589571.2,304773.8,0,776697,20000,1055000,12514365.58,4753004.4,3583602.36,157000,947036.77,1755822.05,237900,20000,1060000,12514365.58,6.80562551605052,6.80562551605052,19.9689887116115,14.0304519536019,50.4,124.864864864865
"08035","08035 Calella",16927,7.86,2153.56,3575,0.211201039758965,2782,0.164352809121522,0.252557388766006,6,6,3.5,40,39,8537,8730,17,279,31,535,40493,0,0,190,9,33,40,333,28,2,1,1,8895,58.6,27.7,11.7,75.4,17.9,6.8,0.6,11.6,24.9,53,10.6,62,3,4.83870967741936,4761700,470000,3451510,3064395,745100,0,1533588.02,6000,1009288.02,15041581.04,5091132.36,5092525,386640,1063157.64,2383588.02,9000,268100,747438.02,15041581.04,6.78966373411233,6.78966373411233,22.9464574955347,15.8466587632067,31.6392523364486,89.0894736842105
"08056","08056 Castelldefels",56718,12.81,4427.63,10596,0.186818999259494,5577,0.0983285729398075,0.252557388766006,8,8,3.1,121,115,28580,32926,43,809,146,795,85731,1,27909,384,57,80,110,108,83,1,1,0,25534,65.4,23.2,8.4,80.1,16,3.8,0.9,13.1,16.5,53.1,17.3,23,5,21.7391304347826,20305030,1000000,7254358,11493011,127000,0,0,1,3000000,43179400,13030000,15105917,3330000,2806482,3000000,0,1,5907000,43179400,6.63502718797905,6.63502718797905,16.8005067231133,6.94775749547238,71.3433962264151,147.703125
"08235","08235 Sant Pol de Mar",4597,7.54,609.68,501,0.108984120078312,626,0.136175766804438,0.252557388766006,7,8,2.5,10,10,2863,2762,4,102,29,63,4684,0,0,38,6,10,5,11,7,3,1,1,3406,44.5,39.1,16.3,78.9,12.2,8.8,0.7,4.9,22.7,51.8,20.6,9,0,0,2015904.98,174708.6,848955.79,904699.17,379522.04,0,504994,6190.3,1360000,6194974.88,1979312.78,1817979.65,24787.55,108952.62,500000,0,6010.55,198431.64,4635474.79,7.20608982234796,6.91608999174413,13.7039424121119,10.7863816038572,72.968253968254,120.973684210526
"08270","08270 Sitges",24470,43.7,559.95,4859,0.198569677155701,3359,0.137270126685738,0.252557388766006,9,9,2.7,59,58,16849,13876,25,541,90,668,40552,0,0,342,57,43,68,172,53,9,2,6,16240,50.5,32.2,9.9,71.7,22.9,5.4,0.9,6.8,17,51.7,24.6,48,8,16.6666666666667,13732720,1350700,3075600,5773506,1913174,13544315,1004838,100000,1924986,42419839,11665124.14,7453115,587903,3460046,15702838,891489,160000,545416,40465931.14,7.45792355527735,7.41076781520763,7.25038112473741,38.8050825907672,36.6317365269461,71.5497076023392
"08019","08019 Barcelona",1593075,98.21,16221.11,219941,0.13806066883229,329222,0.206658192489368,0.252557388766006,10,9,3.5,3813,3942,972762,893936,2039,24426,11222,39010,4623902,16,361477,11772,2956,6113,5481,5616,5421,6,0,5,751398,79.4,7.2,12.5,68.2,28.5,3.4,1.1,11.7,19.7,48,20.6,435,85,19.5402298850575,624958000,63254100,231484758,787441589,34936730,20000000,5263927,0,100000000,1867339104,290807979,346082000.85,62620184.5,566075716.34,325799174,114666453,3000000,158287596.31,1867339104,7.06660364667313,7.06660364667313,12.3965035329759,17.4472420837817,40.8376057421174,135.32747196738
"08040","08040 Canet de Mar",12429,6.32,1966.61,1056,0.0849625874969829,2128,0.171212486925738,0.252557388766006,6,6,4.2,27,27,6085,6904,10,358,31,211,13213,0,0,58,16,16,15,20,20,1,0,1,6122,64.3,22.1,13.6,79.3,12.6,8.1,0.5,15.3,24.8,47.7,12.1,8,0,0,3778778.38,626061.18,2298693.32,2637026.68,127402.42,0,89935.02,18030.36,0,9575927.36,4449185.95,3143446.36,238414.56,722880.95,0,18030.63,246902.5,757066.41,9575927.36,6.64697520981492,6.64697520981492,24.0049160105575,0,58.9052132701422,214.293103448276
"08074","08074 Cubelles",10617,13.34,795.88,897,0.0844871432608081,1345,0.126683620608458,0.252557388766006,5,6,4,23,19,5732,5843,7,363,34,175,22634,0,0,71,80,20,12,16,34,0,1,1,7556,38.7,19.6,1.4,86.2,9,4.8,1.2,12.1,19.8,57,11,3,0,0,5179545.56,1400000,2052562.33,1731706.71,82300,0,372325,6500,375060.4,11200000,4112799.5,4106924.26,120192.07,1381040.25,1082270.82,7800,6500,382473.11,11200000,6.96121256725175,6.96121256725175,18.326449375,9.66313232142857,60.6685714285714,149.535211267606
"08110","08110 Malgrat de Mar",16833,8.75,1923.77,1634,0.0970712291332502,2715,0.161290322580645,0.252557388766006,5,6,3.7,39,37,7855,9214,15,370,54,433,44982,0,0,161,64,33,45,154,40,1,0,1,8049,63.8,16.3,16.5,83.4,11.7,5,0.4,13.3,28.1,51.2,7.4,25,2,8,6588750,725000,4168350,3178325,90650,300,810100,36000,4542525,20140000,5574500,5116100,251000,346300,7583000,0,36000,1233100,20140000,7.08712192083561,7.08712192083561,20.6968718967229,37.6514399205561,38.8752886836028,104.552795031056
"08118","08118 Masnou (El)",21464,3.21,6686.6,1526,0.0710957882966828,3191,0.148667536339918,0.252557388766006,8,8,3.3,48,48,12113,13782,18,388,89,393,41087,0,0,134,34,38,31,4,35,1,0,1,9586,78.1,13,7.5,74.8,20.7,4.5,0.5,9.4,16.9,53.4,20.2,2,0,0,7522375,505000,4538333,3780583,419000,387090,0,0,1993487,19145868,7735809,5657495,260135,631629,3212958,0,0,1647842,19145868,6.79346508796874,6.79346508796874,23.7039814543796,16.7814695055873,54.6157760814249,160.179104477612
"08163","08163 Pineda de Mar",24702,10.46,2361.57,3554,0.143874989879362,3499,0.141648449518258,0.252557388766006,4,6,4.5,55,53,11642,14230,17,627,83,455,50745,0,0,170,39,43,47,128,40,1,1,1,14317,53.6,24.7,21,84,10.4,5.6,0.9,21,27.2,45.5,6.2,21,0,0,7908800,800000,3682837,4920440,248000,0,694000,0,1588523,19842600,8913267.62,5853895,403055,794359.38,2289500,0,0,1588523,19842600,6.68870220862405,6.68870220862405,18.5602542005584,11.5383064719341,54.2901098901099,145.305882352941
"08264","unknown",4771,7.9,603.92,332,0.0695870886606581,512,0.107315028295955,0.252557388766006,8,8,2.5,11,10,3389,3170,2,112,30,68,4246,0,0,28,4,7,4,7,7,1,0,1,2575,54.4,43.5,2.1,85,10,5.1,0.1,4.8,15.9,54.8,24.6,1,0,0,2276712,474000,3037031.57,1230728.04,62242.4,0,667211,0,1776711.74,9524636.75,2524976.85,2148972.77,72690.11,320044.37,4260202,0,0,197750.65,9524636.75,7.59908113625078,7.59908113625078,31.8860619015208,44.7282359613347,70.1617647058823,170.392857142857
"08307","unknown",61427,33.86,1814.15,6157,0.100232796652938,9607,0.156397024109919,0.252557388766006,6,7,4,142,137,31395,34507,60,1059,188,1529,158166,1,18620,425,157,144,126,85,136,1,0,4,28697,71.9,17.2,9.8,82.8,12.8,4.3,2.3,13.8,25.7,47.2,13.2,8,0,0,20427614,3541150,9394762,13937942,1069703,2091000,4280000,101000,3700000,58543171,21668402.39,17488116,1356258.2,5112120,10071000,0,101000,2746274.41,58543171,6.8596702489593,6.8596702489593,16.0475796570705,17.2026896185723,40.1746239372139,144.534117647059
"11019","11019 Grazalema",2225,122.41,18.18,4,0.00179775280898876,418,0.187865168539326,0.144417876666714,2,2,7,5,5,614,1115,3,31,5,54,2566,0,0,30,2,2,5,17,3,0,0,0,1194,64.3,11.8,23.8,85.1,2.5,12.4,8.3,31.1,19.9,45.3,3.7,3,2,66.6666666666667,388346.48,116201.29,190492.13,531231.4,62787.73,0,271178.93,0,128862.76,1689100.72,688532.57,371186.94,3851.52,187450.4,427129.29,0,0,10950,1689100.72,6.63219463233051,6.63219463233051,11.2777247528496,25.2873783630854,41.2037037037037,74.1666666666667
"11012","unknown",131813,12.3,10716.5,1201,0.00911139265474574,21673,0.164422325567281,0.144417876666714,4,3,9.1,259,274,36168,59123,95,857,370,2687,230031,1,2214,913,163,329,333,265,233,4,2,2,52811,80.6,6.2,9.6,64.5,31.7,3.7,1.1,15,21.4,47.3,16.3,8,4,50,39600000,4600000,16960350,40142000,5422000,7726652.04,11885153.48,108180,5005060.52,131449396.04,39480343.64,38680673.99,3554489.5,18517363.55,28109505.87,1034543.88,108180,1964295.61,131449396.04,6.90499298405002,6.90499298405002,12.9025697423813,21.384279210721,49.055824339412,144.373493975904
"11032","unknown",63187,170.93,369.67,558,0.00883093041290139,7162,0.113346099672401,0.144417876666714,2,2,7.5,124,126,14724,30787,31,652,205,1183,116220,1,5500,433,67,107,130,33,73,0,2,0,25309,71.9,15.9,11.6,82.2,8.2,9.7,1.9,28.7,30,34.2,7.2,5,0,0,17200400,0,13153500,19965682.35,103000,3504894.92,351069.33,1,0,54278547.6,20058414.56,12874185.29,1001288.74,14139959.74,4311995.96,452349,2,1440352.31,54278547.6,6.75578577224547,6.75578577224547,24.2333308122637,7.94419922908917,53.4125105663567,145.928406466513
"11039","11039 Vejer de la Frontera",12776,262.88,48.6,361,0.0282561051972448,1992,0.155917345021916,0.144417876666714,2,2,8.8,26,26,3415,6113,7,107,31,258,17857,0,0,116,6,17,23,39,10,0,0,0,4944,80.3,9.5,9.5,81.4,10,8.6,6.3,31.4,26.2,36.8,5.6,4,0,0,1770666.96,505531.91,2898399.86,2516109.77,352415.77,0,2582712.29,24000,1000000,11649836.56,3342769.91,1975077.25,197248.3,1155539.61,4347341.26,123108.38,24000,439366.33,11604451.04,6.81547901879818,6.81157560292858,24.8793177919056,37.4627050001324,49.5193798449612,110.137931034483
"11004","11004 Algeciras",111283,85.8,1297,5021,0.0451192005966769,13895,0.124861838735476,0.144417876666714,3,3,6.9,232,236,30784,63519,62,960,478,2827,224672,1,9322,907,345,355,315,80,303,1,0,1,43152,74.9,9.7,14.6,81.8,9,9.2,3.1,18.5,24.7,47.4,9.5,8,2,25,44242100,7500000,14869793.66,33646863,934188.84,4684215.85,8953141.32,600,5853376.51,120684279.18,30074967.2,42275794.36,4197838.86,17871097.25,18280862.55,5206372.76,600,2776746.2,120684279.18,6.98885664526983,6.98885664526983,12.3212350117465,15.1476751356605,39.3643438273788,122.693495038589
"11007","11007 Barbate",22496,143.36,156.92,492,0.0218705547652916,2901,0.128956258890469,0.144417876666714,2,2,12.5,44,45,6611,8910,9,138,60,534,31540,0,0,171,9,34,35,30,21,1,0,1,10818,61.4,31.7,6.4,89.4,4.7,5.9,3,26,25.9,41.8,6.4,7,0,0,3643400.7,583070.79,2007601.91,4468250.01,175217.2,10458431.46,1033206.4,0,0,22369178.47,11529135.81,5274072.35,266727.2,731142.46,0,300000,39065.79,722954.83,18863098.44,6.90210181355035,6.73162531338593,8.97485758224182,0,42.12734082397,131.555555555556
"11015","11015 Chiclana de la Frontera",70338,205.45,342.36,1867,0.0265432625323438,6420,0.0912735647871705,0.144417876666714,4,3,5.7,144,136,23139,35872,34,926,286,1459,179993,1,5600,491,78,156,142,1130,115,1,1,1,31961,57.3,36,6.1,85,9,6.1,6.8,22.4,25,43.8,9,12,10,83.3333333333333,19634500,1882000,9621315.24,13510700,2094300,11400400,6783913.97,800,5027651.94,69955581.15,17853028.25,10011146.05,811810.9,14332465.15,17974892.82,2166568.4,0,4893814.29,68043725.86,6.90230357129852,6.87459361153994,13.7534633861018,26.4166792644238,48.2097326936258,143.254582484725
"11014","11014 Conil de la Frontera",19417,88.51,219.38,706,0.036359890817325,2278,0.117319874336921,0.144417876666714,3,3,4.5,42,40,6733,9783,11,238,86,456,49747,0,0,193,10,35,37,167,24,2,0,1,10035,52.8,25.6,4.6,82.6,10.5,6.8,3.6,31,20.6,41.3,7.1,13,3,23.0769230769231,4240000,1902000,7559032.13,3033000,212600,0,284473.6,40000,1079911.27,18351017,6992522,4832808,261500,585971,4738681.14,280534.13,40000,619000.73,18351017,6.85129130327796,6.85129130327796,41.1913526645417,25.8224442819709,42.5811403508772,100.60621761658
"11022","unknown",62682,19.27,3252.83,2725,0.043473405443349,8920,0.142305606075109,0.144417876666714,3,2,8.7,119,124,15691,31477,22,347,119,1150,95026,1,30016,359,32,114,83,40,73,4,1,1,23751,80.6,7.3,10.6,73.2,14.6,12.2,1.4,20.2,26.2,46.1,7.5,5,2,40,10574852,4200001,9900219,18280082,5498588,461003,150011,1,5383000,54447757,25226675,14518634,1877002,5450586,1109849,5563002,3009,699000,54447757,6.76692260867346,6.76692260867346,18.1829694104754,2.03837414275853,54.5060869565217,174.601671309192
"11027","unknown",82306,159.34,516.54,2430,0.0295239715209098,8345,0.101389935120161,0.144417876666714,4,3,6.6,171,165,28941,42527,42,788,288,2158,260409,3,42951,637,107,194,191,184,187,2,0,4,36583,64.2,26,9.1,78.1,15.8,6.1,2.4,14.3,20.8,51.4,13.6,13,6,46.1538461538462,34468480,5300000,20526209.57,14933819.71,588000,4000000,2182034.7,664100,7929978.39,90592622.37,28053163.99,28619629.85,2160541.28,6858399.58,18854177.43,1754994.91,664100,3627615.33,90592622.37,7.00368404888532,7.00368404888532,22.6577054875026,20.8120451056107,38.1399443929564,129.208791208791
"11030","11030 Rota",26792,84.01,318.91,852,0.0318005374738728,3067,0.114474469991042,0.144417876666714,3,3,5.7,67,67,10387,28984,22,257,55,752,51218,1,6800,282,14,43,62,138,33,2,0,3,19375,41,27.5,30,77.7,16.8,5.5,2,22.1,19.4,49.9,8.7,6,4,66.6666666666667,11052215,2950000,7598837.15,7128681.88,463146.48,3648364.54,3695900.65,65062.4,2694113.42,39296321.52,11519736.45,6102366.11,1012794.11,5231495.02,11792436.27,1960221.01,65062.4,435888.63,38120000,7.2907828579847,7.26039102227624,19.3372734548005,30.9350374344176,35.6276595744681,95.0070921985816
"11031","11031 San Fernando",92666,30.65,3023.36,980,0.0105756156519112,10787,0.116407312282822,0.144417876666714,3,3,8.3,169,165,20636,38492,36,591,131,1835,173067,2,76000,390,52,151,115,19,234,0,0,1,32818,82.2,5.1,11.5,82,14.4,3.6,0.9,14.3,22.1,51.3,12.2,2,1,50,18475277,1493498,7336398.54,12844481,123500,6,2434134.6,180006,16838502.28,59725803.42,17411835.3,13395606.54,1231871.63,7590914.61,13467541.72,5805053.16,180006,642974.46,59725803.42,6.46851779333977,6.46851779333977,12.2834656378072,22.5489502841752,50.4991825613079,237.605128205128
"11033","11033 San Roque",25548,146.88,173.94,2381,0.0931971191482699,3055,0.119578832002505,0.144417876666714,4,3,7.1,59,58,13377,17505,19,498,79,482,46951,0,0,230,471,41,46,99,149,3,1,1,12171,61.3,23.6,12.6,78.7,8.2,13.1,3.1,18.6,21.5,51.7,8.3,7,4,57.1428571428571,19382114.18,9503000,11285201.31,4843886.55,890000,6330000,726137,230000,3000000,56190339.04,12242806.8,11679641.48,912769.59,12943888.53,16113722.69,425000,230000,1642509.94,56190339.03,7.69594108220254,7.69594108202458,20.0838818608417,28.6770341097193,53.0041493775934,111.078260869565
"12028","unknown",16200,36.1,448.75,2630,0.162345679012346,1478,0.0912345679012346,0.0922296438425347,9,9,2.6,37,34,10800,8720,11,201,45,351,33080,0,0,205,12,22,44,123,21,4,0,5,19061,24.7,71.9,3.2,77.3,12.6,10.1,2.2,5.7,15.8,57.4,21,17,2,11.7647058823529,10375150,685000,2363320,4275622.74,40000,0,634839.1,35317.84,687019.23,19096268.91,7630287.76,8244833.08,549919.53,1089822.84,610437.99,779890.74,48080.97,142996,19096268.91,7.07223700768788,7.07223700768788,12.3758206963792,3.19663486556966,46.1538461538462,79.0243902439024
"12138","unknown",25232,95.46,264.32,3079,0.122027584020292,4105,0.162690234622701,0.0922296438425347,7,7,2.8,61,61,12405,15576,20,550,129,772,93915,1,10744,268,46,62,76,49,52,2,0,1,16159,49.5,20.1,17.2,81.7,12.9,5.5,4.9,14,31,46.2,8.7,5,1,20,7505000,1925000,8594532.06,4702306.16,595476.43,5754949.16,1383287.86,6000,1551730.33,32018282,7768928.24,5742818.2,445000,796065.7,15452041.22,3000,6000,1804428.64,32018282,7.14594930092433,7.14594930092433,26.8425771876205,48.2600572385489,32.6839378238342,94.1492537313433
"12027","unknown",23552,47.86,492.1,3707,0.157396399456522,3729,0.158330502717391,0.0922296438425347,7,7,2,55,52,8096,15032,18,525,101,667,74225,1,20028,210,60,46,60,22,46,1,0,2,11225,64.6,10.1,24,77.4,13.9,8.7,4.3,14.1,27.4,49.5,9,5,1,20,5757625.94,1100000,5638475.73,3954655.73,2855590,319508,3320513.03,0,4805083.88,27751452.31,6263609.27,4925527.37,262734.04,1051805.93,14270198.07,0,6500,971077.63,27751452.31,7.07183271075416,7.07183271075416,20.3177681189976,51.4214460223325,35.3103448275862,112.152380952381
"12032","12032 Burriana",31281,46.99,665.69,3935,0.125795211150539,4975,0.159042230107733,0.0922296438425347,7,6,4.3,66,65,9325,18342,19,547,124,682,67568,0,0,221,37,58,60,9,75,2,1,1,15767,61.4,18,20.5,89.4,6.2,4.3,18.8,14.3,27.8,47.7,10.2,2,0,0,8810000,1300000,6160006.01,6496353.82,154806.07,0,661919.18,60101.21,3414264.05,27057450.34,9220334.27,7810810.66,717229.77,1285181.77,6171183.23,0,60101.21,1792609.43,27057450.34,6.76270679034141,6.76270679034141,22.7663949581142,22.807704171878,45.866568914956,141.542986425339
"12040","unknown",167455,108.78,1539.39,25499,0.152273745185274,23250,0.138843271326625,0.0922296438425347,8,7,3.1,391,387,54988,111806,179,2531,801,3975,527620,4,51358,1208,741,533,530,194,730,3,0,1,72995,73,8.2,16.3,84.9,10.2,4.9,7.1,11.5,23.3,50.8,14.3,16,5,31.25,55100058.96,10851670,17630000,26319323,1353150,3005060.52,4095598.52,569300,10618439,129542600,41089987.5,48539146,1833900,8978268.46,17378061.04,220937,569300,10933000,129542600,6.651050405102,6.651050405102,13.6094226918404,13.4149392091868,42.1270440251572,138.621688741722
"17032","unknown",2623,26.52,98.91,662,0.252382767823103,394,0.150209683568433,0.252557388766006,10,10,1.1,7,8,1902,1938,5,147,7,78,6259,0,0,65,4,4,7,31,5,1,0,0,2526,32.9,64.4,2.6,64.4,22.3,13.3,1.1,10.2,21.5,57.7,10.6,20,0,0,1433397.98,201955,1519129.2,894535.82,420,677000,364894,0,452959.45,5544291.45,1606508.25,1537903.21,128734.87,355682,1622987.05,0,0,292476.07,5544291.45,7.65620540894955,7.65620540894955,27.3998799251435,29.2731192910142,33.6282051282051,40.3538461538462
"17095","17095 Lloret de Mar",29445,48.37,608.75,9040,0.307013075224996,3009,0.102190524707081,0.252557388766006,9,10,2.5,71,65,15273,17628,27,574,94,957,88575,1,2500,422,25,66,89,1113,86,3,3,2,16602,45.3,43.2,10.7,77.3,19.2,3.6,1.4,8.7,22.4,58.8,10.1,143,24,16.7832167832168,12877700,1550300,11462548,5653860,2790120,0,1932185.61,110,6320621.45,42587445.06,11593028,15810310,882225,2311600,8106239.73,513932.33,110,3370000,42587445.06,7.27679065552196,7.27679065552196,26.9153220716829,19.0343415027114,30.7680250783699,69.7748815165877
"17118","unknown",16817,13.98,1202.93,2156,0.128203603496462,2704,0.160789677112446,0.252557388766006,9,9,2.6,44,44,8975,11980,21,404,55,548,46624,0,0,185,21,32,38,72,29,4,3,0,10359,53.2,23.5,22.6,77.5,15.5,7,0.8,9.6,23.5,57.9,9.1,11,0,0,6149000,660000,3519100,3339900,668000,165000,515000,0,852000,15868000,5935100,5200300,454500,964100,1864000,0,0,1450000,15868000,6.84966950209361,6.84966950209361,22.1773380388203,11.7469120241996,30.6879562043796,90.9027027027027
"17152","17152 Roses",15535,45.97,337.94,3951,0.254328934663663,2120,0.136466044415835,0.252557388766006,9,10,2.1,44,42,10517,11737,19,437,80,588,57659,0,0,312,22,44,58,205,36,5,1,0,22271,21.8,75.5,2.6,71.1,23.3,5.7,1,16.9,25.4,50.8,6.8,49,3,6.12244897959184,9771900,900000,8724516,3283500,110084,0,637114.42,1,5342884.58,28770000,7438190,9622268,578000,1886542,6852625.3,542373.7,1,1850000,28770000,7.52399291370058,7.52399291370058,30.325046923879,23.8186489398679,26.4200680272109,49.7916666666667
"17023","17023 Blanes",36711,17.89,2052.04,5452,0.148511345373321,5151,0.140312168015036,0.252557388766006,9,9,3.5,87,85,17440,22584,32,693,100,1145,111655,0,0,333,75,73,83,173,68,3,1,3,22481,50,42.5,6.8,83.8,10.9,5.3,1.5,20.2,24.4,48,7.3,26,1,3.84615384615385,12739828.03,1993772.59,10337182.87,7255376.87,646931.47,1400000,2743507.95,0,3303407.05,40420006.83,10668910.95,16101732.87,980000,2772448.01,6943915,503000,0,2450000,40420006.83,7.00400372226171,7.00400372226171,25.5744213836393,17.1794008576124,32.0620087336245,110.243243243243
"17047","unknown",9167,42.25,216.97,3932,0.428929857096106,1348,0.147049198210974,0.252557388766006,9,10,2.4,29,27,7384,8042,11,355,81,433,55498,0,0,241,23,32,33,68,26,1,2,1,13456,17.7,47.9,34.1,72.6,21.3,6,0.9,13,27.7,49.3,10.1,12,2,16.6666666666667,7476953.25,671034.23,3899943.85,2078620.56,94402.24,12864.88,644449.58,0,1085605.02,15963873.61,4966718.41,4374894.62,610524.72,2881263.38,2012919.48,30000,0,1087553,15963873.61,7.46247346996897,7.46247346996897,24.4298091132281,12.6092170933944,21.1709006928406,38.0373443983403
"17048","17048 Castell-Platja d'Aro",9239,21.68,426.15,2498,0.270375581772919,1164,0.125987661002273,0.252557388766006,10,10,2.2,29,27,7247,7757,12,329,55,494,67475,0,0,241,12,34,36,217,30,0,0,3,12861,22.2,69.4,8.4,76.2,15.6,8.2,1.3,8.2,15.3,62.1,14.4,38,6,15.7894736842105,9841400,1358490,26144029.05,2247600,44203,4538084,1441789.77,0,3309927.17,48925522.99,6898000,7421512,496400,768970,31565017.99,12813,0,1762810,48925522.99,8.57462082714552,8.57462082714552,53.4363813654964,64.5164651514336,18.7024291497976,38.3360995850622
"17092","unknown",4371,27.93,156.5,487,0.111416151910318,859,0.196522534889041,0.252557388766006,9,10,2.2,13,13,3066,3282,9,163,10,150,11376,0,0,77,7,8,12,15,8,2,0,2,6571,24.5,68.9,3.3,78.4,10.5,11,0.7,12.5,27,52.4,8.1,16,0,0,2910614,452627,1217003,981504,80351,260000,83293,0,454439,6439831,2663818,2007883,105800,375598,913732,0,0,373000,6439831,7.29526576063686,7.29526576063686,18.8980580391007,14.1887574378893,29.14,56.7662337662338
"17117","17117 Palafrugell",20509,26.93,761.57,3756,0.183139109659174,3331,0.162416500073139,0.252557388766006,9,9,2.6,54,53,11274,15141,22,677,59,694,66948,0,0,195,33,41,48,62,38,6,3,3,14974,44.1,49.3,6.4,82.2,11.5,6.2,2.6,14.3,28.2,50.1,7.5,23,1,4.34782608695652,10418850,1210060,9201071,4156911,298034,2327090,438410,37864,1933751,30022041,9811997,9038387,385349,938412,7763251,113030,37864,1933751,30022041,7.28882327669277,7.28882327669277,30.6477197869392,25.858505089644,29.5518731988473,105.174358974359
"17160","unknown",20318,15.92,1276.26,2342,0.115267250713653,3410,0.167831479476326,0.252557388766006,9,10,2.6,51,51,10843,15097,21,558,79,557,52566,0,0,172,27,41,42,54,35,2,2,2,13661,48.7,35.2,6.2,78.6,13.8,7.7,0.7,13.5,21.2,56.6,8.6,26,3,11.5384615384615,8794665,1027001,4223157,4829017,296546,812125,875039,19,1728976,22586545,6838688,9496671,444416,584354,3076675,416746,19,1728976,22586545,7.01360246131517,7.01360246131517,18.697667128815,13.6217159375194,36.4775583482944,118.127906976744
"29051","29051 Estepona",54709,137.5,397.88,11730,0.214407135937414,6460,0.118079292255388,0.144417876666714,5,4,3.3,125,113,29436,31812,36,1027,190,1225,154730,2,13400,575,52,105,126,471,95,1,0,3,33284,44,34.4,19.2,82.1,13,4.9,2.8,16.8,21.6,51.2,10.4,17,10,58.8235294117647,23927000,8500000,8143323.39,11275380.12,2449884.65,0,0,105000,0,54400588.16,22068012.29,13425707.26,1461149.74,7347242.99,353950,0,270000,4668066.12,49594128.4,6.90210201483572,6.80959949695884,14.9691826236314,0.713693357296708,44.6604081632653,95.1460869565217
"29054","29054 Fuengirola",62915,10.37,6067.02,18596,0.295573392672654,9835,0.156322021775411,0.144417876666714,5,4,4,154,148,33833,38959,54,847,197,2217,202547,1,64910,1167,68,171,296,456,153,5,4,1,37200,47.7,39.3,10.4,75.6,18.7,5.7,2.2,14.9,19.7,53,12.3,13,6,46.1538461538462,25600000,2600000,13073613,11120000,1329500,7412000,1625466,108050,1000000,63868629,23744012,15728252,896000,8666546,10470882,0,96030,2995907,62597629,6.92279897180457,6.90269807192761,20.4695375565366,16.7272821147906,28.3784393324312,53.9117395029991
"29067","unknown",558287,395.13,1412.92,29717,0.0532288948157489,78756,0.141067228862574,0.144417876666714,4,3,5.8,1186,1173,218667,323289,397,5004,2562,10567,1135829,7,261447,2922,645,1662,1307,651,1097,10,2,1,215179,79.6,7.6,10.8,82.1,12.3,5.6,2,14.5,19.1,51.9,14.5,45,13,28.8888888888889,147916911.62,27440626.32,36897964.62,159350334.39,39845496.73,0,17047874,3,35000000,463499210.68,128215504.82,124152894.74,14390801.18,95733460.64,24561999.84,59901128.51,3,16543417.95,463499210.68,6.72168679395785,6.72168679395785,7.96073947264483,5.2992538658189,52.8330652029904,191.063312799452
"29069","29069 Marbella",124333,116.82,1064.31,27526,0.221389333483468,12385,0.0996115271086518,0.144417876666714,6,5,3.6,332,316,89494,90575,131,2603,670,3943,592351,3,125333,1724,265,532,618,2210,561,8,3,2,75967,48.2,29.8,18,76.9,16.4,6.7,1.4,12.9,22.1,54.2,10.7,34,20,58.8235294117647,88564,14622.08,49451.41,27182.1,2952,3000,0,215,0,185986.59,72852.5,36317.67,2951.46,51664.18,3523.39,14987.03,140.43,3549.93,185986.59,0.402711124332946,0.402711124332946,26.5886965291422,1.89443228138115,31.5325893989348,72.118909512761
"29068","29068 Manilva",9624,35.58,270.49,3332,0.34621778886118,1206,0.125311720698254,0.144417876666714,5,4,2.4,23,19,4914,5579,11,241,22,242,27538,0,0,176,9,13,27,28,16,1,0,1,6694,33.2,53.5,9.8,84.5,10.4,5.1,2.4,21.2,22.6,47.8,8.5,1,1,100,5311184.06,3806352.5,23254025.09,1478550.19,1094324.17,656553.04,810526.28,49282.99,1202.02,36462000.34,4561913.55,5226885,51538.82,7047290.04,14726625.73,380643.74,49282.99,301638.03,32345817.9,8.23976593201581,8.11998003623821,63.7760541746515,45.5286855800916,39.7685950413223,54.6818181818182
"29091","29091 Torrox",13964,50.05,279,4276,0.306215983958751,3113,0.222930392437697,0.144417876666714,3,3,4.8,33,30,6616,7895,14,249,36,308,19420,0,0,187,11,19,35,25,18,2,0,2,14013,31.6,35.7,32.6,88.3,4.9,6.8,6.7,23.7,23.5,45.1,7.8,1,1,100,5002162,1729660,9203321,2286738.6,121107,2856368,2509376.98,12000,12.64,23720746.22,6033908.07,5238933,96432.78,1625832.08,9495281,270006,12000,325161.5,23097554.43,7.43762272290186,7.41099943283143,38.7986149956795,41.1094647650972,45.3376623376623,74.6737967914438
"29025","unknown",45686,26.88,1699.63,12274,0.268659983364707,5423,0.118701571597426,0.144417876666714,5,5,4.2,107,98,28590,27923,39,621,145,1024,106636,2,18500,970,32,80,180,668,104,5,1,3,31751,40.1,37.2,16.4,83,13.4,3.7,1.6,10.9,21.4,55.8,11.8,5,3,60,25098111.9,6084926.2,32648337.78,6920114.36,343664.84,8700000,79816.48,0,23580662.88,103455634.44,26286237.22,28982856.78,7653815.12,3462810.11,27450698.83,709780.53,0,8803650.1,103349848.69,7.72510624180241,7.72408319582098,31.5578150544664,26.5609472853114,44.615234375,47.0989690721649
"29070","29070 Mijas",56838,148.8,381.98,21443,0.377265209894789,7909,0.139149864527253,0.144417876666714,5,4,3.4,131,121,30253,41075,32,1229,205,1139,160932,1,5000,468,64,107,101,154,113,0,0,0,31101,56.5,32.9,7.5,82.5,11.4,6.1,1.3,12.7,15.7,63.1,8.3,6,5,83.3333333333333,23944902.18,8500000,26611392.39,10846616.59,693375.57,0,1245545.56,30,80,71841942.29,28728628.1,20296805.08,806500,9847056.7,10258334.58,41597.83,10,1863010,71841942.29,7.14201862281989,7.14201862281989,37.0415825933261,14.2790329061411,49.9016681299385,121.448717948718
"29075","29075 Nerja",19496,85.12,229.04,4654,0.2387156339762,3308,0.16967583093968,0.144417876666714,5,4,5.2,48,45,10239,11248,18,329,56,640,52631,0,0,327,12,38,57,138,31,5,0,1,13832,42.3,48.4,5.1,78.7,16.1,5.1,4,19.4,23,47.2,10.3,13,3,23.0769230769231,6415382,940276,7412803,3586662,1002249,7680092.18,2779814.56,0,0,29817278.74,10743769.33,4429155.77,650415.76,2221200,11131943.22,0,0,640794.66,29817278.74,7.33263401162783,7.33263401162783,24.8607629979851,37.3338671079546,30.4625,59.6207951070336
"29901","29901 Torremolinos",55479,19.9,2787.89,14214,0.256205050559671,7239,0.13048180392581,0.144417876666714,5,4,4.5,133,126,29133,42200,39,551,212,1578,147064,1,5000,1007,27,120,188,1286,123,3,0,0,33434,51.3,22.6,22.4,76.7,18.6,4.8,2,12.4,19.8,54.4,13.4,44,12,27.2727272727273,31400000,5000000,33406120,10292000,867500,9000000,306000,0,2900000,93171620,30534600,15598720,930000,12754900,26977300,3476100,0,2900000,93171620,7.42619387709357,7.42619387709357,35.854394288733,28.9544176649499,35.1577946768061,55.0933465739821
"30003","unknown",31218,251.77,123.99,3258,0.104362867576398,4326,0.138573899673265,0.0147946129689713,4,3,3.1,67,65,10581,16636,25,458,105,655,78230,0,0,258,24,65,64,37,43,6,3,4,17125,50.8,28.4,20,88.6,6.4,5.1,3.7,19,27.3,46.9,6.8,7,2,28.5714285714286,6498000,1800000,3141932.3,5268841,243873,4934527.2,848997,39000,640001,23415171.5,6528588.08,6910997,245500,1698761,6520320.92,23201.5,39070,1448733,23415171.5,6.62014459441932,6.62014459441932,13.4183612535146,27.8465648650064,47.6610687022901,121
"30016","30016 Cartagena",203945,558.08,365.44,22897,0.112270465076369,29027,0.142327588320381,0.0147946129689713,5,4,2.7,438,429,61952,124790,174,2341,689,4055,458339,3,33397,1170,658,486,483,575,467,14,7,4,96383,62,25.2,11.7,81.7,13.1,5.2,14.3,15.9,21.7,49.4,12.9,14,5,35.7142857142857,57410175,13224315,22728593,33195417,1250000,3000000,14209771,30000,9050919,154099190,44308107,56892608,2586933,14969933,24511957,1748733,30000,9050919,154099190,6.62750141531698,6.62750141531698,14.7493267161236,15.9066098919793,50.2946979038224,174.311965811966
"30026","unknown",28889,318.87,90.6,10772,0.372875488940427,3590,0.124268752812489,0.0147946129689713,4,4,2.7,63,55,9203,16026,20,459,86,679,57628,0,0,264,20,46,60,46,35,3,4,2,20865,33.5,48.8,17.6,74.6,13.9,11.6,6.7,20.8,27.7,46.2,5.4,8,0,0,6866875,3500000,5014500,4477995.45,240000,3000000,413994.45,30000,3013396.87,26556761.77,11171199.67,6000578.78,788817.3,1361411.81,3963994.45,33100,0,3237659.76,26556761.77,6.82357877502136,6.82357877502136,18.8821967204776,14.9264977572603,42.5463917525773,109.42803030303
"30036","30036 San Pedro del Pinatar",19666,22.32,881.09,3293,0.167446354113699,2555,0.129919658293501,0.0147946129689713,5,4,2,47,45,7559,13159,20,392,77,474,56892,0,0,191,18,36,47,23,28,0,0,3,15290,35.6,23.1,41.3,85.4,10.2,4.4,3.7,21.7,27.2,43.6,7.6,9,2,22.2222222222222,7360000,2000000,4196820,3734025.64,648500,1247818.6,608319.04,0,1029262.28,20824745.56,6056143.7,7946334.28,260000,1185227.32,4161768.81,186009.17,0,1029262.28,20824745.56,6.96500599259524,6.96500599259524,20.1530433488763,19.9847282551864,41.4894514767932,102.96335078534
"30905","unknown",12264,19.82,618.77,4023,0.328033268101761,1822,0.14856490541422,0.0147946129689713,5,5,2,29,26,5959,6418,16,213,34,321,29339,1,5920,169,10,23,33,19,15,7,6,2,17125,18.7,77.5,3.7,79.1,15.5,5.3,1.1,13.6,27.6,50.4,8.5,4,0,0,4226271,1000000,4793932,2191226,60187.5,6058359.33,4188798.83,0,0,22518774.66,6038908.22,5295773.4,30612.39,846038.4,10247158.16,0,0,60284.09,22518774.66,7.51543652801372,7.51543652801372,21.2886006116285,45.5049544867198,38.2056074766355,72.5680473372781
"30035","30035 San Javier",26337,75.1,350.69,6322,0.240042525724266,3208,0.121805824505449,0.0147946129689713,5,5,1.7,65,59,13660,16641,26,456,121,755,146805,1,24500,334,24,75,75,92,50,4,8,2,27860,24.6,71,4.1,78.3,14.5,7.3,3.3,17.3,21.1,50.1,11.4,9,0,0,13990000,4200000,4629300,4561722,58500,0,1443781.29,30050.61,679728.48,29593082.38,11884162.1,10464228.15,389000,1940550.04,3886517.63,34225.04,30050.61,964348.81,29593082.38,7.0243211150087,7.0243211150087,15.6431828917174,13.1331964007461,34.8834437086093,78.8532934131737
"43037","43037 Calafell",18905,20.18,936.82,2751,0.145517058979106,2610,0.13805871462576,0.252557388766006,9,8,3.6,44,41,10917,10375,15,774,42,478,34567,0,0,288,120,32,62,29,50,3,1,3,23615,23.1,67,9.3,84.4,10.7,4.9,1.1,11.3,23.2,56.1,9.3,17,1,5.88235294117647,14870844.17,1663002.91,11531726.18,3681626.24,43284.29,4638611,3382434.98,24.04,4705547.09,44517100.91,9272857.82,15133502.35,867937.39,1078172.59,15449689.21,962309.18,12044.28,1740588.09,44517100.91,7.76420224710326,7.76420224710326,25.9040367505369,34.7050659054249,39.5502092050209,65.6423611111111
"43038","43038 Cambrils",26209,35.08,747.12,3987,0.152123316418024,3082,0.117593193177916,0.252557388766006,9,8,2.8,66,62,14713,16784,33,642,91,663,60525,0,0,383,29,48,72,296,47,8,0,4,25138,30.7,59.8,8.4,81.7,13.3,5.1,2.3,11.6,23.8,51.5,13.2,30,5,16.6666666666667,12454560,2500012,13062170.79,5264961.21,407856,6482824,0,6,10000000,50172390,12511437.35,15419073.41,691899.29,3317149.95,15176047.26,0,606006,2450776.74,50172390,7.55711729114346,7.55711729114346,26.0345795566047,30.2478061340112,39.5309200603318,68.4308093994778
"43905","43905 Salou",20139,15.07,1336.36,6131,0.304434182432097,1759,0.0873429663836337,0.252557388766006,10,9,2.1,50,45,12459,10343,24,319,44,690,47937,0,0,403,13,39,75,1107,55,2,2,3,28509,19.9,45.8,21.2,76.8,17.5,5.7,1.6,7.7,18.3,60.7,13.4,65,13,20,13566815,1860000,7228000,4738000,570000,0,1805750,0,1200000,30968565,11183531,13335604,329000,1327229,3005751,0,0,1787450,30968565,7.33806970310596,7.33806970310596,23.3397963386421,9.70581297518952,29.1869565217391,49.9727047146402
"43148","43148 Tarragona",128152,62.35,2055.36,12501,0.097548223984019,19148,0.14941631812223,0.252557388766006,9,8,3.2,318,305,63118,78374,174,1780,532,3887,433724,2,38781,1207,500,376,463,280,368,3,1,2,58405,71.2,10.7,16.1,81.5,14.4,4.1,2.8,10.6,20.5,53.6,15.2,29,5,17.2413793103448,49763686,5571667,49015658,22244620,2661610,22467729.25,0,6000,8040000,159770970.25,33784733.73,36309250.45,3071099.56,17044624.26,58941841.25,391838,2187583,8040000,159770970.25,7.12827957339613,7.12827957339613,30.6787008449052,36.8914585407921,32.9693851299202,106.173985086993
"43153","43153 Torredembarra",13280,8.66,1533.49,1940,0.146084337349398,1945,0.146460843373494,0.252557388766006,9,8,3,33,32,7342,7772,15,348,25,429,34208,0,0,189,13,23,42,26,15,2,0,2,12044,34.8,61,2.9,80.7,13.1,6.2,2.5,10.2,26.1,53.3,10.5,6,0,0,6015000,1250000,7587783.42,2175150,9000,4876948.85,0,2762512.76,903750,25580145.03,6131451.39,5639433.8,274605.5,1221692.73,11364211.61,45000,0,903750,25580145.03,7.56331260073227,7.56331260073227,29.6627849885181,44.4259076587417,30.955710955711,70.2645502645503
"43012","43012 Altafulla",3993,6.92,577.02,406,0.10167793638868,460,0.115201602804909,0.252557388766006,9,8,2.2,9,9,2377,2516,2,95,6,86,10255,0,0,54,3,4,8,11,4,1,1,1,3791,32.5,59.8,7.5,85.5,8.1,6.5,1.4,10.4,15.7,52.3,21.6,6,1,16.6666666666667,1792416.83,400000,1277097,818794,23816,0,582978.37,0,230004,5125106.2,1681104,1399664,53801,834016.25,926516.95,0,0,230004,5125106.2,7.15736369766205,7.15736369766205,24.9184494947636,18.0780049006594,46.4302325581395,73.9444444444444
"43013","43013 Ametlla de Mar (L')",6438,67.14,95.89,1497,0.232525629077353,1198,0.186082634358496,0.252557388766006,7,7,2.8,16,15,3349,3834,6,221,26,179,13803,0,0,95,8,11,15,29,11,0,0,4,5855,33.4,52,13.3,81.7,7.9,10.4,6.5,14.1,34.6,43.5,7.9,4,0,0,2721414.91,330000,1887400,2642077.94,140115,0,74891.7,5000,0,7800899.55,2899054.02,3290989.63,136700,753769.32,509866.04,0,5000,205520.54,7800899.55,7.09977640007451,7.09977640007451,24.1946456034035,6.53599032691044,35.9664804469274,67.7684210526316
"43906","43906 Ampolla (L')",2518,35.67,70.59,629,0.249801429706116,526,0.208895949166005,0.252557388766006,7,8,2.5,6,7,1503,1307,3,118,12,80,5600,0,0,50,7,4,8,11,5,0,0,2,2846,28.4,69.7,1.9,82.3,7.9,9.9,2.5,20,28.9,43.1,8,4,0,0,1324372,450000,934852.08,483775,66000,630657.86,514057,0,300000,4703713.94,833535.62,1303593.18,21500,347500,2056377.92,0,0,141207.22,4703713.94,7.53264274003235,7.53264274003235,19.8747647481301,43.7181755997687,31.475,50.36
"43050","43050 Creixell",2441,10.41,234.49,371,0.151986890618599,444,0.181892666939779,0.252557388766006,8,8,3.8,6,6,1475,1689,2,89,5,57,4776,0,0,36,3,2,6,15,2,1,1,1,3247,25.7,70,4.3,88,6.5,5.5,1,20.5,24.3,46.4,8.8,2,0,0,1534000,375000,1605094,534006,9000,0,127058.76,0,0,4184158.76,1959300,1735158.76,50000,129700,165000,0,0,145000,4184158.76,7.44665315816473,7.44665315816473,38.361211705074,3.94344501402236,42.8245614035088,67.8055555555556
"43051","43051 Cunit",9017,9.65,934.4,1145,0.12698236664079,1358,0.150604413884884,0.252557388766006,8,8,3.5,19,16,4707,4468,6,280,14,128,9146,0,0,68,11,6,11,10,11,1,1,1,11392,23.4,75.7,0.2,89.4,6.6,4,1.3,15.2,26.6,49.9,8.2,4,0,0,7658070,850000,2060100,1781130,251700,420000,509000,0,3050000,16580000,4530000,6340000,215000,527000,3990000,0,0,820000,16422000,7.51684074417152,7.50726549375096,12.4252110977081,24.2966751918159,70.4453125,132.602941176471
"43901","43901 Deltebre",10943,103.48,105.75,766,0.0699990861738097,2121,0.193822534953852,0.252557388766006,4,6,3,28,28,3767,8117,10,386,34,286,24598,0,0,98,19,18,20,27,18,1,0,1,4382,75.7,17.1,6.6,92.4,2.9,4.8,3.3,15.4,25.2,55.3,4.2,6,0,0,3346594.33,853000,1824850.91,2145599.38,1000,276506.05,1036930.13,30000,0,9514480.8,3551000,2735901,300000,795750,2101829.8,0,30000,0,9514480.8,6.76787022933115,6.76787022933115,19.1797213989858,22.0908512422454,38.2622377622378,111.663265306122
"43131","unknown",4547,16.32,278.62,523,0.115020892896415,620,0.136353639762481,0.252557388766006,9,8,3.5,11,11,3055,3181,3,187,7,118,24620,0,0,54,10,9,9,16,10,2,1,2,6417,23.7,72.3,2,87.2,6.5,6.3,1.9,17.1,24.1,50.2,8.5,0,0,0,4006000,600000,2345250,1044250,15500,2820308.35,514337.43,0,210354.22,11556000,3280833.83,3349383.3,259166.17,818850,3515000,75000,0,257766.7,11556000,7.84049238674325,7.84049238674325,20.2946521287643,30.417099342333,38.5338983050847,84.2037037037037
"43136","unknown",13181,53.23,247.62,1813,0.137546468401487,2443,0.18534253850239,0.252557388766006,5,6,2,31,30,5386,7237,13,283,49,333,23355,0,0,132,15,21,33,25,19,7,0,2,7444,56.4,29.2,14.3,80,9.9,10.1,3.1,13.6,30.8,47.6,7.9,12,1,8.33333333333333,2520112.21,1300000,2010257.86,1615722.95,258707.87,2226509.89,0,0,295497.74,10226808.52,3752728.81,2926174.37,87311.9,383949.19,2740096.03,41050.48,0,295497.74,10226808.52,6.65399143891224,6.65399143891224,19.6567468342509,26.7932661948383,39.5825825825826,99.8560606060606
"43162","unknown",5008,102.73,48.75,560,0.111821086261981,779,0.155551118210863,0.252557388766006,8,7,2.5,14,13,2584,4043,6,155,17,174,13757,0,0,76,138,9,11,21,46,2,0,3,3582,41.4,33.3,24.7,82.2,12.3,5.6,3,7.3,20.7,57.9,14.2,8,1,12.5,4406500,2900000,1054436,1722012,74100,507627,1005428,0,0,11670103,2575800,1931300,38210.01,2066400,4988863.66,21000,0,48529.33,11670103,7.75374891749355,7.75374891749355,9.03536155593485,42.7490970730935,28.7816091954023,65.8947368421053
"43163","43163 Vendrell (El)",30225,36.5,828.08,3682,0.121819685690653,3830,0.12671629445823,0.252557388766006,8,7,4.2,72,69,15714,18102,32,891,96,654,76447,1,7800,239,55,55,57,88,57,3,1,3,25669,34.8,59.1,5.9,80,14.4,5.5,2.7,12.1,22.5,55.6,9.8,16,3,18.75,15453400,2150000,9874312.32,6335588.06,564296.25,4111621.07,2330433.9,0,2727350,43547001.6,7261952.37,11510772.49,1480500,3846935.12,14158086.56,375005.06,0,4913750,43547001.6,7.27292673381139,7.27292673381139,22.6750682187037,32.5121961095021,46.2155963302752,126.464435146444
"43171","43171 Vila-seca",15875,21.78,728.88,1752,0.110362204724409,1781,0.112188976377953,0.252557388766006,7,6,2.4,41,38,7579,10978,23,380,46,412,53594,0,0,202,131,30,51,176,53,0,0,1,13467,34,58.5,6.4,86.1,11,3,2.6,18.1,28.7,47.2,6,10,6,60,6800000,1200000,3700000,3550000,700000,2100000,1950000,0,0,20000000,5485000,7500000,260000,1995000,4120000,0,0,640000,20000000,7.13874200775737,7.13874200775737,18.5,20.6,38.5315533980583,78.5891089108911
"46105","46105 Cullera",23261,53.82,432.2,2719,0.116890933321869,4068,0.174885000644856,0.0922296438425347,6,5,4.3,51,51,9195,12400,18,334,48,628,62912,1,10000,268,16,42,60,73,30,5,1,5,25787,29.6,62.6,7.4,84.1,7.5,8.5,13.2,15,31,43.9,10.1,12,1,8.33333333333333,10937000,882420,2477500,4797119.43,63000,0,200741.87,100000,1307199.35,20764980.65,11191687.16,6481544.97,430827.15,726600,1507941.22,0,0,426380.15,20764980.65,6.79424508578016,6.79424508578016,11.9311452380284,7.26194377648024,37.0398089171975,86.794776119403
"46131","46131 Gandia",71429,60.83,1174.24,12884,0.180374917750494,10091,0.141273152361086,0.0922296438425347,7,6,3.9,168,158,29618,46874,63,1150,416,2108,288761,2,23258,764,114,221,234,330,254,1,2,1,49482,44.2,43.9,11.6,88.9,6.4,4.7,13.6,11,24.7,51.5,12.9,24,5,20.8333333333333,23013000,3000000,10220300,12351500,657200,4060000,2531000,133000,14000000,69966000,17910000,24720311,1482511,3315708,20236750,1274250,133000,893470,69966000,6.88706073939951,6.88706073939951,14.6075236543464,28.9236915073035,33.884724857685,93.4934554973822
"46181","46181 Oliva",25318,59.93,422.46,4639,0.183229323011296,4323,0.170748084366854,0.0922296438425347,6,5,3.7,57,54,9933,16210,19,526,90,602,57024,0,0,213,39,45,53,80,39,0,2,3,15163,49.6,34.7,15,89,5.2,5.7,20.4,20.5,26.9,42.1,10.4,3,1,33.3333333333333,8616000,1800000,3417100,3958000,93370.91,0,109049.09,0,1686480,19680000,9028800,5237500,429000,982700,2082500,35000,0,1884500,19680000,6.65584256539161,6.65584256539161,17.3633130081301,10.5818089430894,42.0564784053156,118.863849765258
"46220","46220 Sagunto/Sagunt",61823,132.36,467.08,3886,0.0628568655678307,11099,0.179528654384291,0.0922296438425347,6,5,4.8,135,134,20004,38898,49,723,174,1431,146910,1,7979,420,275,133,145,59,184,1,0,2,32428,64.3,13.2,20.7,91.7,4.2,4.1,8.7,16,23.8,47.5,12.6,6,0,0,17547116.39,2967000,11310563.41,12481278.61,1032844.31,2268010.33,185271,72200,3000000,50864284.05,17281022.24,21816487.56,734293.44,2804878.84,6102134.88,94713.65,90230.36,1940523.08,50864284.05,6.71264080412384,6.71264080412384,22.2367494623175,11.9968952556209,43.2026554856744,147.197619047619
"46048","46048 Bellreguard",3991,2.85,1400.35,259,0.0648960160360812,689,0.172638436482085,0.0922296438425347,4,5,4.1,10,10,1746,2622,5,118,40,81,11706,0,0,31,7,9,6,0,6,1,0,1,3395,42.3,53.5,4.1,90,2.1,7.8,22.1,18.4,26.9,43.5,11.2,0,0,0,1133100,210000,488710,581020,15800,0,74309.47,0,29836.45,2532775.92,1179052.9,1041612.69,9095.88,107875,104145.92,0,0,61568.12,2503350.51,6.45302935575027,6.44134349151791,19.2954298144148,4.16026120129698,49.2716049382716,128.741935483871
"46113","unknown",2353,3.15,746.98,151,0.0641733956651084,417,0.177220569485763,0.0922296438425347,7,7,3.2,5,5,1301,1475,1,86,19,42,3693,0,0,27,5,4,5,0,4,2,0,1,4228,18.4,79,2.4,92.4,2.1,5.6,5.6,5.9,24.4,60,9.8,0,0,0,912800,500000,503764.44,300906.01,161300,72535.94,102181.9,0,0,2553488.29,872139.16,1248495.86,1689.96,135697.03,281042,0,0,14424.28,2553488.29,6.98952455046942,6.98952455046942,19.7284805249685,11.0061988966474,56.0238095238095,87.1481481481482
"46235","46235 Sueca",27253,92.52,294.56,1087,0.039885517190768,4711,0.172861703298719,0.0922296438425347,6,5,3.9,59,60,8581,16163,19,478,112,599,74768,0,0,194,40,48,53,15,41,4,1,1,22429,41.1,45.3,13.2,91.2,3.4,5.4,21.7,12.2,31.4,45,11.5,1,0,0,9188373.11,990000,2210021.4,4451400,88900,0,0,0,2002738.78,18931433.29,7755899.19,4711531.93,535864.7,1907239.4,1916738.78,100000,0,2004159.29,18931433.29,6.54341534981116,6.54341534981116,11.6738197586306,10.1246363687237,45.4974958263773,140.479381443299
"46238","46238 Tavernes de la Valldigna",17675,49.23,359.03,1099,0.0621782178217822,2900,0.164073550212164,0.0922296438425347,5,5,5,38,39,5891,10632,13,270,61,376,42391,0,0,120,24,28,31,2,23,0,0,1,13108,45.3,41.9,12.7,87.7,5.8,6.5,23.1,15.5,33.6,41,10.1,2,0,0,4703179.88,1175000,2226320.46,4726296.16,224500,2854983.17,704246.79,0,672477.73,17287004.19,6751804.94,4199288.97,284444.24,1023123.55,4267378.84,18020.24,0,742943.41,17287004.19,6.88555908351879,6.88555908351879,12.8785788186935,24.6854735100287,47.0079787234043,147.291666666667
"46250","46250 Valencia",796549,134.63,5916.58,82013,0.102960395405681,135630,0.170272010886964,0.0922296438425347,8,7,4.2,1757,1800,274747,485104,841,8939,3510,16389,2132996,8,258952,5010,861,2512,2591,1753,2021,3,1,2,377248,72.7,7.5,17.3,83.4,11.9,4.8,3.1,11,19.5,49.5,20,58,27,46.551724137931,253216000,30629050,67025485.75,241029553.78,1177730,3468000,2173864.12,300000,53350000,652369683.65,202650000,180121313.78,31107000,123170680,55959503.82,13170546.05,3720000,42470640,652369683.65,6.70807803308438,6.70807803308438,10.27415703547,8.57788232998617,48.602660320947,158.991816367265
"46143","46143 Xeraco",5643,20.22,279.08,498,0.0882509303561935,860,0.152401205032784,0.0922296438425347,5,5,3.1,13,13,2204,3718,5,99,30,128,13794,0,0,47,3,11,9,1,6,0,0,1,5751,34.3,60.3,5.4,82.5,3.7,13.7,14.6,13.4,27.3,52.8,6.6,0,0,0,1788063.85,320000,872400,881110,7200,0,1080498.89,3000,214600,5166872.74,1865235.51,1498170.74,121900,157680.6,1294798.89,0,3000,226087,5166872.74,6.81960705961812,6.81960705961812,16.8844878498014,25.0596241702674,44.0859375,120.063829787234
"21010","21010 Ayamonte",18001,141.29,127.4,1168,0.0648852841508805,2469,0.137159046719627,0.144417876666714,5,4,4,38,37,6247,7981,14,186,76,506,38218,0,0,201,13,35,36,207,23,2,1,0,8207,66.1,20,13,73.2,21.8,5,3.8,17.8,28.5,45.8,7.9,9,5,55.5555555555556,5036000,3416901.52,8224392.41,3032761.69,132211.92,210628.38,801496.01,36060.72,0,20890452.65,6018038.32,6701723.2,142037.21,1450611.53,2678571.81,3531265.31,36060.72,332144.55,20890452.65,7.05662021066962,7.05662021066962,39.3691441147399,12.821990288468,35.5750988142293,89.5572139303483
"21060","unknown",13736,38.77,354.29,364,0.0264997087944089,1347,0.0980634828188701,0.144417876666714,4,4,4.3,30,29,5813,5498,8,155,55,450,30630,0,0,201,7,29,39,73,15,2,1,1,13766,28.6,70.9,0.4,87.6,6.8,5.6,2.2,17,23.5,51.9,7.6,7,1,14.2857142857143,6211965,1150000,4005849.8,2626000,5679131.61,17859924.22,858088.65,0,350000,38740959.28,7882376.38,6140364,83075,1212180,20587683.69,164728.98,350000,233837,36654245.05,7.94463257506234,7.88926440375165,10.3400893381285,56.1672561033964,30.5244444444444,68.3383084577114
"21044","21044 Lepe",22709,127.94,177.5,2238,0.0985512351930952,2167,0.0954247214760668,0.144417876666714,4,3,4.1,49,48,7117,10801,15,307,94,597,62023,0,0,208,17,43,83,53,34,1,0,1,16078,36.9,37.7,25,82.8,7.2,10,12.9,19.6,28.5,45.3,6.7,1,0,0,7880000,1200000,2868150,5973500,117000,200000,6143185,54000,2000000,26435835,8571469.18,5261738.82,474000,216230,9360700,0,54000,1300000,25238138,7.05971443339945,7.01335022046054,10.8494776124908,37.089503195521,38.0385259631491,109.177884615385
"21050","21050 Moguer",16961,203.45,83.37,1592,0.0938623901892577,1577,0.0929780083721479,0.144417876666714,4,4,3.3,37,35,5695,8485,13,218,127,371,37224,0,0,125,18,41,27,27,21,0,0,1,6246,78.5,7,14.4,76.7,8.8,14.6,8.6,19.6,26.9,43.7,10,0,0,0,3608000,2050000,1364645,3021255,695075,2386882.96,496025.84,0,0,13621883.8,5980200,4212757.9,228000,1691542.1,0,0,0,174500,12287000,6.68851629055658,6.58538048097787,10.0180343632061,0,45.7169811320755,135.688
"38001","38001 Adeje",33722,105.95,318.28,14285,0.423610699246783,2324,0.0689164343751853,0.170137626302679,7,6,3.7,90,81,19015,21949,30,375,104,1513,130211,1,8400,863,19,110,156,2593,160,9,0,2,19049,38.3,36.1,10.1,60.8,31.7,7.5,1.8,5.6,13,65.5,15.9,16,14,87.5,20543000,3700787.25,21491023.51,10306962.01,3012060,120,240,100180,120,59154492.77,17773036.1,34806085.77,331702.02,1452893.78,3691541.29,374828.96,100000,624404.85,59154492.77,7.46975737870304,7.46975737870304,36.3303318203738,6.24050873760877,22.2881692002644,39.0753186558517
"38006","38006 Arona",65550,81.79,801.44,24248,0.369916094584287,5117,0.0780625476735317,0.170137626302679,6,5,4.6,166,157,29756,44914,52,929,240,2457,185446,1,4585,1336,74,197,297,1542,152,4,1,1,35667,47.1,38.4,7.5,55.1,33.4,11.5,1.4,9.7,32.6,51.8,6,10,7,70,16867477,795030,24582554,20451930,1714214,2145810,180,108213,10821593,77487001,13104158.26,38999827.5,514600,8805602.24,14225279,960694,108213,768627,77487001,7.07505226203138,7.07505226203138,31.7247456770201,18.3582779258678,26.6788766788767,49.064371257485
"38028","38028 Puerto de la Cruz",30613,8.73,3506.64,5343,0.174533694835527,5461,0.178388266422762,0.170137626302679,4,5,6.8,85,89,17294,26869,33,206,96,1284,82650,1,11992,557,10,83,104,1513,94,2,0,1,17655,53.3,22,24.6,75.6,15.9,8.5,1,17.6,21.8,51.7,9.1,39,23,58.974358974359,16199921.14,1390000,4260714.54,13750050.93,1268050.8,4685962.01,0,2.4,1.2,41554703.02,19059386.37,10854547.97,208426.17,4766209.99,5047794.13,557641.19,636.2,1060061,41554703.02,7.21334122794638,7.21334122794638,10.2532667312033,12.1473473834491,23.8419003115265,54.9605026929982
"38023","unknown",141627,102.06,1387.68,8091,0.0571289372789087,17041,0.120323102233331,0.170137626302679,6,5,7.3,324,322,57629,99205,66,1518,880,2562,346956,1,35110,898,129,424,344,177,241,0,0,0,60198,69.1,12.9,14.9,70.2,15.6,14.3,1.7,15.8,20.7,49.8,13.7,0,0,0,30371865.84,2547950.24,11568647.77,43881116.48,924604.12,306.5,7931867.15,31708,10623770.07,107881836.17,29222852.38,38535454.48,1528236.06,13095161.4,15341115.61,5696186.01,32120.63,4430406.6,107881533.17,6.63559495654556,6.63559214791311,10.7234435199732,14.2203351762024,55.2798594847775,157.713808463252
"38038","38038 Santa Cruz de Tenerife",221567,150.56,1471.62,12338,0.055685187776158,31618,0.142701756127943,0.170137626302679,6,5,6.2,503,511,90503,151846,144,1760,1399,4058,571034,3,84450,1180,394,689,412,296,510,2,0,0,84699,74.2,6.2,18.9,69.8,20.8,9.4,1.1,13.1,19.7,51.5,15.7,9,3,33.3333333333333,46640206.5,5413618.26,13110039.64,76229830.71,2631669.55,3020.09,6451190.09,30050.61,7260864.48,157770489.93,48620302.95,55040660.62,2180857.84,30446545.07,5618893.53,8572314.37,30050.61,7260864.94,157770489.93,6.56817163377351,6.56817163377351,8.30956387713361,3.56143505194983,54.6000492853622,187.768644067797
"35016","35016 Palmas de Gran Canaria (Las)",378628,100.55,3765.57,26863,0.0709482658440475,50892,0.134411612453384,0.170137626302679,6,5,8.5,843,859,168474,210847,225,3690,2979,8517,845385,9,191508,1789,463,1371,743,757,805,0,0,1,149831,75.7,8.7,14,69.6,19.1,11.3,1.3,12.9,20.8,51.6,14.8,14,5,35.7142857142857,72469335,5839200,16275541.23,127141239.95,1909229.6,30795512.39,19220417.1,290000,2189524.73,276130000,103764408.34,75268536.69,6980490.39,28811285.09,57445805.69,1079949.07,590000,2189524.73,276130000,6.59207285557646,6.59207285557646,5.89415899395212,20.8038987759389,44.4555594692967,211.64225824483
"35004","35004 Arrecife",53920,22.72,2373.24,10883,0.201836053412463,3850,0.0714020771513353,0.170137626302679,5,5,5.2,125,120,18736,32977,24,831,310,1540,197835,1,4823,388,79,161,88,70,102,0,0,0,19175,72.1,5,21.3,60.6,30.2,9.2,1,12.6,26.5,51.8,9.1,2,1,50,12900000,9600000,4943600,12766000,1000,1800000,643000,90000,60000,42803600,14149876,12225925,652000,1666200,4937463,360000,90000,3660000,37741464,6.67687602357814,6.55101314329902,11.5494958367988,13.082330351573,35.012987012987,138.969072164948
"35019","unknown",46428,333.13,139.37,11501,0.247716894977169,3929,0.0846256569311622,0.170137626302679,6,5,7.2,141,143,28263,49218,41,555,184,2365,133107,8,89049,1293,82,154,237,3261,168,0,0,3,17200,72,16.4,11.2,70.7,18.3,10.9,1.3,14.8,27.6,50.4,7.2,2,2,100,29035184,1000000,8902007,16194579,5847030,0,2170000,120200,15518000,78787000,25700639,28080866,1400000,1439031,17688077,98187,120200,4260000,78787000,7.4366005621105,7.4366005621105,11.2988272176882,22.4505019863683,19.631289640592,35.907192575406
"35024","35024 Teguise",15824,263.98,59.94,3063,0.193566734074823,1381,0.0872724974721941,0.170137626302679,6,5,3.7,46,45,8006,12816,10,232,41,848,35548,0,0,358,14,48,57,592,31,0,0,1,9170,43.6,29.6,9.3,72.7,12.7,14.5,5,15.8,19.1,51.6,13.4,0,0,0,9600000,2900000,2434813.88,4187000,286854.04,0,3547000,60000,36060.73,23051728.65,7703397.02,6228889.09,377732.66,1464029.28,6074754.73,659983.96,60000,36060.73,22604847.47,7.28396826639401,7.26439187720338,10.5623917276156,26.8736815767596,18.6603773584906,44.2011173184358
"35026","35026 Telde",96547,102.43,942.57,2762,0.0286078283115995,9244,0.0957461132919718,0.170137626302679,5,4,9.7,204,202,32263,57186,34,1088,554,1436,228502,2,29400,360,150,235,106,17,155,0,0,1,34004,77.6,6.2,14.4,74,11.7,14.3,1.9,21.1,26,46.2,6.7,0,0,0,18309500,3000000,9196913.61,32162648,331611,32915804.94,451486,350000,0,96717963.55,31170712.24,24092106.64,2676042.82,3350998.83,28948629.5,4418661.44,350000,1710812.08,96717963.55,6.90952449355113,6.90952449355113,9.50900253937367,29.9309750096573,67.233286908078,268.186111111111
"38017","38017 Granadilla de Abona",33207,162.44,204.43,7989,0.240581805041106,2684,0.0808263317975126,0.170137626302679,5,4,5.8,76,70,12064,22689,17,478,102,621,76514,0,0,290,64,54,55,61,57,1,0,1,13450,55.4,24.2,19.1,67.7,20.2,12.2,4.3,17.5,29.4,47.2,5.9,0,0,0,5526400,4251700,5553100,9667900,289700,200,1069500,95000,0,26453500,8921000,6875360,258975.86,2251240,7106200,0,95000,945724.14,26453500,6.68038305660243,6.68038305660243,20.9919292343168,26.8629859942919,53.4734299516908,114.506896551724
"38031","38031 Realejos (Los)",36243,57.09,634.84,2548,0.0703032309687388,4597,0.126838286013851,0.170137626302679,5,4,7,79,80,12862,22230,18,475,146,577,64589,0,0,183,20,53,40,179,33,1,0,1,13134,79.2,10.4,10.2,76.1,7.9,16.1,0.7,19.8,25.9,47.1,7.1,1,1,100,4753500,1300026,4196299.46,10528447.73,70001,0,1168925.81,0,2000000,24017200,11047334.69,6876951.8,210805.55,2467139.2,2382095.36,732904.64,3005.06,296963.7,24017200,6.49627926010829,6.49627926010829,17.4720594407341,9.91828922605466,62.8128249566724,198.049180327869
"38040","38040 Santiago del Teide",11212,52.21,214.75,5514,0.49179450588655,2452,0.218694256154121,0.170137626302679,5,5,3.1,26,26,4570,5568,10,91,13,343,31263,0,0,223,4,16,28,167,13,2,0,1,9421,37,46.6,12.6,79.9,13.4,6.7,1.5,16.2,22.3,54.4,7.2,0,0,0,2438509,356826.58,4071666,3550927.32,104839,0,793833,27045,2937429.3,14281075.2,4253710.88,4999584.15,146112,979317,3685765.17,0,76848,139738,14281075.2,7.14970589387422,7.14970589387422,28.5109205222867,25.8087372160886,32.6880466472303,50.2780269058296
"38043","38043 Tacoronte",22384,30.09,743.9,792,0.0353824160114367,2742,0.122498213009292,0.170137626302679,5,4,6.3,50,49,8560,14566,7,275,76,394,43571,0,0,157,20,32,33,7,25,2,0,1,8591,73.5,18.6,7.7,69.8,7.6,22.7,2.3,19.3,24.1,46.6,10.1,0,0,0,3886000,650000,1728012,6084500,50006,784321,0,6,1334212.54,14517057.54,5454651.56,3129692.2,205000,2067000,2989707.78,0,6,671000,14517057.54,6.4747332011593,6.4747332011593,11.9033212842112,20.5944474061787,56.8121827411168,142.573248407643
"35015","unknown",18173,383.52,47.38,5778,0.317944202938425,797,0.0438562702910912,0.170137626302679,5,5,3.8,44,41,6496,9034,19,324,26,545,38368,0,0,286,14,33,45,1381,46,0,0,1,10723,53.3,10.6,5.4,33.4,32.9,33.8,2.1,9.2,19.5,64.9,6.4,9,7,77.7777777777778,11782011,4000000,6274600,7193315,6238853.18,2601000,110000,10000,2000,38211779.18,13005697.23,15539315,940000,2007758,4780731.95,80000,12000,1846277,38211779.18,7.65096212646114,7.65096212646114,16.4205910707349,12.5111472236871,33.3449541284404,63.541958041958
